-- phpMyAdmin SQL Dump
-- version 4.7.4
-- https://www.phpmyadmin.net/
--
-- Hôte : 127.0.0.1
-- Généré le :  mar. 14 nov. 2017 à 15:28
-- Version du serveur :  10.1.28-MariaDB
-- Version de PHP :  7.1.10

SET SQL_MODE = "NO_AUTO_VALUE_ON_ZERO";
SET AUTOCOMMIT = 0;
START TRANSACTION;
SET time_zone = "+00:00";


/*!40101 SET @OLD_CHARACTER_SET_CLIENT=@@CHARACTER_SET_CLIENT */;
/*!40101 SET @OLD_CHARACTER_SET_RESULTS=@@CHARACTER_SET_RESULTS */;
/*!40101 SET @OLD_COLLATION_CONNECTION=@@COLLATION_CONNECTION */;
/*!40101 SET NAMES utf8mb4 */;

--
-- Base de données :  `crawler_travel`
--

-- --------------------------------------------------------

--
-- Structure de la table `categories`
--

CREATE TABLE `categories` (
  `id` int(10) UNSIGNED NOT NULL,
  `titre` varchar(255) COLLATE utf8_unicode_ci NOT NULL,
  `url` varchar(255) COLLATE utf8_unicode_ci NOT NULL,
  `theme` varchar(255) COLLATE utf8_unicode_ci NOT NULL,
  `html` varchar(255) COLLATE utf8_unicode_ci DEFAULT NULL,
  `id_produit` varchar(255) COLLATE utf8_unicode_ci DEFAULT NULL,
  `name` varchar(255) COLLATE utf8_unicode_ci DEFAULT NULL,
  `url_class` varchar(255) COLLATE utf8_unicode_ci DEFAULT NULL,
  `prix` varchar(255) COLLATE utf8_unicode_ci DEFAULT NULL,
  `description` varchar(255) COLLATE utf8_unicode_ci DEFAULT NULL,
  `periode` varchar(255) COLLATE utf8_unicode_ci DEFAULT NULL,
  `image` varchar(255) COLLATE utf8_unicode_ci DEFAULT NULL,
  `promotion` varchar(255) COLLATE utf8_unicode_ci DEFAULT NULL,
  `address` varchar(255) COLLATE utf8_unicode_ci DEFAULT NULL,
  `city` varchar(255) COLLATE utf8_unicode_ci DEFAULT NULL,
  `region` varchar(255) COLLATE utf8_unicode_ci DEFAULT NULL,
  `code_postal` varchar(255) COLLATE utf8_unicode_ci DEFAULT NULL,
  `country` varchar(255) COLLATE utf8_unicode_ci DEFAULT NULL,
  `neighborhood` varchar(255) COLLATE utf8_unicode_ci DEFAULT NULL,
  `brand` varchar(255) COLLATE utf8_unicode_ci DEFAULT NULL,
  `stars` varchar(255) COLLATE utf8_unicode_ci DEFAULT NULL,
  `latitude` varchar(255) COLLATE utf8_unicode_ci DEFAULT NULL,
  `longitude` varchar(255) COLLATE utf8_unicode_ci DEFAULT NULL,
  `validate` varchar(255) COLLATE utf8_unicode_ci NOT NULL DEFAULT 'false',
  `type` varchar(255) COLLATE utf8_unicode_ci NOT NULL,
  `created_at` timestamp NULL DEFAULT NULL,
  `updated_at` timestamp NULL DEFAULT NULL
) ENGINE=InnoDB DEFAULT CHARSET=utf8 COLLATE=utf8_unicode_ci;

--
-- Déchargement des données de la table `categories`
--

INSERT INTO `categories` (`id`, `titre`, `url`, `theme`, `html`, `id_produit`, `name`, `url_class`, `prix`, `description`, `periode`, `image`, `promotion`, `address`, `city`, `region`, `code_postal`, `country`, `neighborhood`, `brand`, `stars`, `latitude`, `longitude`, `validate`, `type`, `created_at`, `updated_at`) VALUES
(1, 'Nos Départs En Groupe À Istanbul', 'https://www.traveltodo.com/departs-en-groupe-istanbul/?source=Slider&source=Nos_D%C3%A9parts_en_groupe_:_Istanbul', '1509579542.png', ' ', 'find(\'#Form1\')[0]->action', 'find(\'.special_offre tr \')[0]->children(2)->children(0)->innertext', 'find(\'.special_offre tbody tr\')[0]->children(4)->children(0)->href', 'find(\'.special_offre tr \')[0]->children(3)->children(0)->innertext', 'find(\'.special_offre tr \')[0]->children(1)->children(0)->innertext', 'find(\'.special_offre tr \')[0]->children(0)->children(0)->innertext', 'find(\'.cr_Grid1UnSelectedHeaderItem2 tr img\')[0]->getAttribute(\'data-big\')', '', NULL, 'find(\'#ProductSummary1_HyperLink_CityArrival\')[0]->innertext', 'find(\'#ProductSummary1_HyperLink_CityArrival\')[0]->innertext', NULL, 'find(\'#ProductSummary1_HyperLink_Destination\')[0]->innertext', NULL, '', '', NULL, NULL, 'false', '1', '2017-11-01 21:39:02', '2017-11-14 09:23:12'),
(2, 'Testés Et Validés Pour Vous', 'https://www.traveltodo.com/teste-et-valide-pour-vous/?source=Test%C3%A9s_et_valid%C3%A9s_pour_vous', '1510053490.png', '', 'find(\'#Form1\')[0]->action', 'find(\'.table_hotel .titre_hotel\')[0]->innertext', 'find(\'.table_hotel .img_hotel a\')[0]->href', 'find(\'.table_hotel .prix_hotel\')[0]->innertext', 'find(\'.table_hotel .desc_hotel\')[0]->innertext', '', 'find(\'.cr_Grid1UnSelectedHeaderItem2 tr img\')[0]->getAttribute(\'data-big\')', '', NULL, 'find(\'#HotelSummary1_HyperLink_City\')[0]->innertext', 'find(\'#HotelSummary1_HyperLink_City\')[0]->innertext', NULL, 'find(\'#HotelSummary1_HyperLink_Destination\')[0]->innertext', NULL, '', 'find(\'#HotelSummary1_Label_Category_Display\')[0]->innertext', NULL, NULL, 'true', '0', '2017-11-02 15:42:12', '2017-11-07 10:18:10'),
(3, 'Découvrez Notre Sélection Voyages En Groupe En Europe', 'https://www.traveltodo.com/evasion-en-europe-petit-prix/?source=Slider&source=NOS_D%C3%89PARTS_EN_GROUPE_:_EUROPE', '1509705598.png', '', 'find(\'#Form1\')[0]->action', 'find(\'.content_offre .offre tbody\')[0]->children(0)->children(1)->children(0)->innertext', 'find(\'.content_offre .offre tbody\')[0]->children(0)->children(2)->children(1)->children(0)->href', 'find(\'.content_offre .offre tbody\')[0]->children(0)->children(1)->children(1)->innertext', 'find(\'.content_offre .offre tbody\')[0]->children(0)->children(2)->children(0)->innertext', 'find(\'#ProductSummary1_Label_Duration_Display\')[0]->innertext', 'find(\'#ProductDetail1_SLHotel_SectionDetailH_IList1_divImages img\')[0]->src', '', NULL, '', 'find(\'#ProductSummary1_HyperLink_CityArrival\')[0]->innertext', NULL, 'find(\'#ProductSummary1_HyperLink_Destination\')[0]->innertext', NULL, '', '', NULL, NULL, 'true', '1', '2017-11-03 08:39:59', '2017-11-14 09:23:10'),
(4, 'HÔTELS RECOMMANDÉS', 'https://www.traveltodo.com/hotels-recommandes/?source=H%C3%B4tels_recommand%C3%A9s', '1510667497.png', '', 'find(\'#Form1\')[0]->action', 'find(\'.table_hotel .titre_hotel\')[0]->innertext', 'find(\'.table_hotel .img_hotel  a\')[0]->href', 'find(\'.table_hotel .prix_hotel \')[0]->innertext', 'find(\'.table_hotel .desc_hotel\')[0]->innertext', '', 'find(\'#HotelDetail1_SLHotel_SectionDetailH_IList1_DataList_Images img\')[0]->src', '', NULL, '', 'find(\'#HotelSummary1_HyperLink_City\')[0]->innertext', NULL, 'find(\'#HotelSummary1_HyperLink_Destination\')[0]->innertext', NULL, '', 'find(\'#HotelSummary1_Label_Category_Display\')[0]->innertext', NULL, NULL, 'false', '0', '2017-11-14 12:51:38', '2017-11-14 13:11:55');

-- --------------------------------------------------------

--
-- Structure de la table `destinations`
--

CREATE TABLE `destinations` (
  `id` int(10) UNSIGNED NOT NULL,
  `name` varchar(255) COLLATE utf8_unicode_ci DEFAULT NULL,
  `url` text COLLATE utf8_unicode_ci,
  `prix` varchar(255) COLLATE utf8_unicode_ci DEFAULT NULL,
  `description` varchar(255) COLLATE utf8_unicode_ci DEFAULT NULL,
  `periode` varchar(255) COLLATE utf8_unicode_ci DEFAULT NULL,
  `date` varchar(255) COLLATE utf8_unicode_ci DEFAULT NULL,
  `promotion` varchar(255) COLLATE utf8_unicode_ci DEFAULT NULL,
  `country` text COLLATE utf8_unicode_ci,
  `address` varchar(255) COLLATE utf8_unicode_ci DEFAULT NULL,
  `city` varchar(255) COLLATE utf8_unicode_ci DEFAULT NULL,
  `region` varchar(255) COLLATE utf8_unicode_ci DEFAULT NULL,
  `produit_id` varchar(255) COLLATE utf8_unicode_ci DEFAULT NULL,
  `category_id` int(10) UNSIGNED NOT NULL,
  `created_at` timestamp NULL DEFAULT NULL,
  `updated_at` timestamp NULL DEFAULT NULL
) ENGINE=InnoDB DEFAULT CHARSET=utf8 COLLATE=utf8_unicode_ci;

--
-- Déchargement des données de la table `destinations`
--

INSERT INTO `destinations` (`id`, `name`, `url`, `prix`, `description`, `periode`, `date`, `promotion`, `country`, `address`, `city`, `region`, `produit_id`, `category_id`, `created_at`, `updated_at`) VALUES
(1, 'Vol + Hôtel 3* + Transferts + 03 Excursions', 'http://booking.traveltodo.com/tn/cr.resa/ui/aba/Product_Detail.aspx?idproductfamily=13&id=5095&showdate=1&fromdate=22/12/2015&todate=29/12/2015&autoinitiatedates=true&user=1063&curr=1&ilng=1&source=Escapades_City_Break&source=Nos_D%C3%A9parts_en_groupe_%C3%A0_Istanbul', '1291 DT ', '08 jours / 07 nuits', 'Du 16/12 au 23/12/17', NULL, NULL, 'Turkey', NULL, 'Istanbul', 'Istanbul', '5095', 1, '2017-11-02 18:23:08', '2017-11-02 18:23:08'),
(2, 'Vol + Hôtel 4* à old city + Transferts + 03 Excursions', 'http://booking.traveltodo.com/tn/cr.resa/ui/aba/Product_Detail.aspx?idproductfamily=13&id=4461&showdate=1&fromdate=22/12/2015&todate=29/12/2015&autoinitiatedates=true&user=1063&curr=1&ilng=1&source=Escapades_City_Break&source=Nos_D%C3%A9parts_en_groupe_%C3%A0_Istanbul', '1233 DT ', '06 jours / 05 nuits', 'Du 18/12 au 23/12/17', NULL, NULL, 'Turkey', NULL, 'Istanbul', 'Istanbul', '4461', 1, '2017-11-02 18:23:18', '2017-11-02 18:23:18'),
(3, 'Vol + Hôtel 4 à Taksim + Transferts + 03 Excursions', 'http://booking.traveltodo.com/tn/cr.resa/ui/aba/Product_Detail.aspx?idproductfamily=13&id=6032&showdate=1&fromdate=22/12/2015&todate=29/12/2015&autoinitiatedates=true&user=1063&curr=1&ilng=1&source=Escapades_City_Break&source=Nos_D%C3%A9parts_en_groupe_%C3%A0_Istanbul', '1409 DT ', '07 jours / 06 nuits', 'Du 19/12 au 25/12/17', NULL, NULL, 'Turkey', NULL, 'Istanbul', 'Istanbul', '6032', 1, '2017-11-02 18:23:29', '2017-11-02 18:23:29'),
(4, 'Vol + Hôtel 3* + Transferts + 03 Excursions ', 'http://booking.traveltodo.com/tn/cr.resa/ui/aba/Product_Detail.aspx?idproductfamily=13&id=5097&showdate=1&fromdate=22/12/2015&todate=29/12/2015&autoinitiatedates=true&user=1063&curr=1&ilng=1&source=Escapades_City_Break&source=Nos_D%C3%A9parts_en_groupe_%C3%A0_Istanbul', '1306 DT ', '08 jours / 07 nuits', 'Du 20/12 au 27/12/17', NULL, NULL, 'Turkey', NULL, 'Istanbul', 'Istanbul', '5097', 1, '2017-11-02 18:23:35', '2017-11-02 18:23:35'),
(5, 'Vol + Hôtel 3* + Transfert + 02 Excursions + Bursa', 'http://booking.traveltodo.com/tn/cr.resa/ui/aba/Product_Detail.aspx?idproductfamily=13&id=6015&showdate=1&fromdate=22/12/2015&todate=29/12/2015&autoinitiatedates=true&user=1063&curr=1&ilng=1&source=Escapades_City_Break&source=Nos_D%C3%A9parts_en_groupe_%C3%A0_Istanbul', '1347 DT ', '07 jours / 06 nuits', 'Du 21/12 au 27/12/17', NULL, NULL, 'Turkey', NULL, 'Istanbul', 'Istanbul', '6015', 1, '2017-11-02 18:23:44', '2017-11-02 18:23:44'),
(6, 'Vol + Hôtel 4 à Taksim + Transferts + 03 Excursions ', 'http://booking.traveltodo.com/tn/cr.resa/ui/aba/Product_Detail.aspx?idproductfamily=13&id=5096&showdate=1&fromdate=22/12/2015&todate=29/12/2015&autoinitiatedates=true&user=1063&curr=1&ilng=1&source=Escapades_City_Break&source=Nos_D%C3%A9parts_en_groupe_%C3%A0_Istanbul', '1524 DT ', '08 jours / 07 nuits', 'Du 22/12 au 29/12/17', NULL, NULL, 'Turkey', NULL, 'Istanbul', 'Istanbul', '5096', 1, '2017-11-02 18:23:52', '2017-11-02 18:23:52'),
(7, 'Vol + Hôtel 3* + Transferts + 02 Excursions ', 'http://booking.traveltodo.com/tn/cr.resa/ui/aba/Product_Detail.aspx?idproductfamily=13&id=6016&showdate=1&fromdate=22/12/2015&todate=29/12/2015&autoinitiatedates=true&user=1063&curr=1&ilng=1&source=Escapades_City_Break&source=Nos_D%C3%A9parts_en_groupe_%C3%A0_Istanbul', '1163 DT ', '06 jours / 05 nuits', 'Du 23/12 au 28/12/17', NULL, NULL, 'Turkey', NULL, 'Istanbul', 'Istanbul', '6016', 1, '2017-11-02 18:24:03', '2017-11-02 18:24:03'),
(8, 'Vol + Hôtel 4* à old city + Transferts + 03 Excursions ', 'http://booking.traveltodo.com/tn/cr.resa/ui/aba/Product_Detail.aspx?idproductfamily=13&id=5098&showdate=1&fromdate=22/12/2015&todate=29/12/2015&autoinitiatedates=true&user=1063&curr=1&ilng=1&source=Escapades_City_Break&source=Nos_D%C3%A9parts_en_groupe_%C3%A0_Istanbul', '1369 DT ', '07 jours / 06 nuits', 'Du 24/12 au 30/12/17', NULL, NULL, 'Turkey', NULL, 'Istanbul', 'Istanbul', '5098', 1, '2017-11-02 18:24:12', '2017-11-02 18:24:12'),
(9, 'Vol+Hôtel 3*+Transferts+03 Excursions', 'http://booking.traveltodo.com/tn/cr.resa/ui/aba/Product_Detail.aspx?idproductfamily=13&id=4108&showdate=1&fromdate=22/12/2015&todate=29/12/2015&autoinitiatedates=true&user=1063&curr=1&ilng=1', '1347 DT ', '07 jours / 06 nuits', 'Du 25/12 au 31/12/17', NULL, NULL, 'Turkey', NULL, 'Istanbul', 'Istanbul', '4108', 1, '2017-11-02 18:24:26', '2017-11-02 18:24:26'),
(10, 'Vol+Hotel 3*+Transferts+03 Excursions', 'http://booking.traveltodo.com/tn/cr.resa/ui/aba/Product_Detail.aspx?idproductfamily=13&id=3592&showdate=1&fromdate=22/12/2015&todate=29/12/2015&autoinitiatedates=true&user=1063&curr=1&ilng=1', '1377 TTC', '08 jours / 07 nuits', 'Du 25/12 au 01/01/18', NULL, NULL, 'Turkey', NULL, 'Istanbul', 'Istanbul', '3592', 1, '2017-11-02 18:24:46', '2017-11-02 18:24:46'),
(11, 'Vol+Hôtel 3*+Transferts+02 Excursions', 'http://booking.traveltodo.com/tn/cr.resa/ui/aba/Product_Detail.aspx?idproductfamily=13&id=5107&showdate=1&fromdate=22/12/2015&todate=29/12/2015&autoinitiatedates=true&user=1063&curr=1&ilng=1', '1360 TTC', '07 jours / 06 nuits', 'Du 28/12 au 03/01/18', NULL, NULL, 'Turkey', NULL, 'Istanbul', 'Istanbul', '5107', 1, '2017-11-02 18:25:10', '2017-11-02 18:25:10'),
(12, 'Porto-Lisbonne  ', 'https://booking.traveltodo.com/tn/cr.resa/ui/aba/Product_Detail.aspx?idproductfamily=13&id=5070&showdate=1&fromdate=22/12/2015&todate=29/12/2015&autoinitiatedates=true&user=1063&curr=1&ilng=1&source=Escapades_City_Break&source=Nos_D%C3%A9parts_en_groupe_%C3%A0_Istanbul', ' à partir de 2445 DT TTC  ', ' &#8211; Du 18/12 au 25/12/2017 08 jours / 07 nuits &#8211; Vol + Hôtels 4* + Transferts + Excursions Facilité de paiement sur 4 fois pour toute réservation faite avant le 15/11/17 ', NULL, NULL, NULL, 'Portugal', NULL, NULL, 'Porto', '5070', 3, '2017-11-03 08:40:38', '2017-11-03 08:40:38'),
(13, 'Prague-Berlin-Bratislava-Vienne  ', 'https://booking.traveltodo.com/tn/cr.resa/ui/aba/Product_Detail.aspx?idproductfamily=13&id=5069&showdate=1&fromdate=22/12/2015&todate=29/12/2015&autoinitiatedates=true&user=1063&curr=1&ilng=1&source=Escapades_City_Break&source=Nos_D%C3%A9parts_en_groupe_%C3%A0_Istanbul', ' à partir de 2486 DT TTC  ', ' &#8211; Du 17/12 au 24/12/2017 &#8211; Vol + Hôtels 4* + Transferts + Excursions Facilité de paiement sur 4 fois pour toute réservation faite avant le 15/11/17', NULL, NULL, NULL, 'Austria', NULL, NULL, 'Wien', '5069', 3, '2017-11-03 08:40:46', '2017-11-03 08:40:46'),
(14, 'Venise-Florence-Pise-Rome  ', 'https://booking.traveltodo.com/tn/cr.resa/ui/aba/Product_Detail.aspx?idproductfamily=13&id=5068&showdate=1&fromdate=22/12/2015&todate=29/12/2015&autoinitiatedates=true&user=1063&curr=1&ilng=1&source=Escapades_City_Break&source=Nos_D%C3%A9parts_en_groupe_%C3%A0_Istanbul', ' à partir de 2567 DT TTC  ', ' &#8211; Du 22/12 au 28/12/2017 07 jours / 06 nuits &#8211; Vol + Hôtels 4* + Transferts + Excursions Facilité de paiement sur 8 fois pour toute réservation faite avant le 15/11/17', NULL, NULL, NULL, 'Italy', NULL, NULL, 'Venice', '5068', 3, '2017-11-03 08:40:55', '2017-11-03 08:40:55'),
(15, 'Nice-Monaco-Cannes-Gênes-Milan   ', 'https://booking.traveltodo.com/tn/cr.resa/ui/aba/Product_Detail.aspx?idproductfamily=13&id=6875&showdate=1&fromdate=22/12/2015&todate=29/12/2015&autoinitiatedates=true&user=1063&curr=1&ilng=1&source=Escapades_City_Break&source=Nos_D%C3%A9parts_en_groupe_%C3%A0_Istanbul', ' à partir de 2594 DT TTC  ', ' – Du 18/12 au 25/12/2017 08 jours / 07 nuits – Vol + Hôtels 3* & 4* + Transferts + Excursions Facilité de paiement sur 4 fois pour toute réservation faite avant le 15/11/17 ', '', '', '', 'France', '', '', 'Nice', NULL, 3, '2017-11-03 08:41:03', '2017-11-07 10:00:44');

-- --------------------------------------------------------

--
-- Structure de la table `hotels`
--

CREATE TABLE `hotels` (
  `id` int(10) UNSIGNED NOT NULL,
  `name` varchar(255) COLLATE utf8_unicode_ci DEFAULT NULL,
  `url` text COLLATE utf8_unicode_ci,
  `prix` varchar(255) COLLATE utf8_unicode_ci DEFAULT NULL,
  `description` varchar(255) COLLATE utf8_unicode_ci DEFAULT NULL,
  `periode` varchar(255) COLLATE utf8_unicode_ci DEFAULT NULL,
  `date` varchar(255) COLLATE utf8_unicode_ci DEFAULT NULL,
  `promotion` varchar(255) COLLATE utf8_unicode_ci DEFAULT NULL,
  `address` varchar(255) COLLATE utf8_unicode_ci DEFAULT NULL,
  `city` varchar(255) COLLATE utf8_unicode_ci DEFAULT NULL,
  `region` varchar(255) COLLATE utf8_unicode_ci DEFAULT NULL,
  `code_postal` varchar(255) COLLATE utf8_unicode_ci DEFAULT NULL,
  `country` varchar(255) COLLATE utf8_unicode_ci DEFAULT NULL,
  `neighborhood` varchar(255) COLLATE utf8_unicode_ci DEFAULT NULL,
  `brand` varchar(255) COLLATE utf8_unicode_ci DEFAULT NULL,
  `stars` varchar(255) COLLATE utf8_unicode_ci DEFAULT NULL,
  `latitude` varchar(255) COLLATE utf8_unicode_ci DEFAULT NULL,
  `longitude` varchar(255) COLLATE utf8_unicode_ci DEFAULT NULL,
  `validate` varchar(255) COLLATE utf8_unicode_ci NOT NULL DEFAULT 'false',
  `produit_id` varchar(255) COLLATE utf8_unicode_ci DEFAULT NULL,
  `category_id` int(10) UNSIGNED NOT NULL,
  `created_at` timestamp NULL DEFAULT NULL,
  `updated_at` timestamp NULL DEFAULT NULL
) ENGINE=InnoDB DEFAULT CHARSET=utf8 COLLATE=utf8_unicode_ci;

--
-- Déchargement des données de la table `hotels`
--

INSERT INTO `hotels` (`id`, `name`, `url`, `prix`, `description`, `periode`, `date`, `promotion`, `address`, `city`, `region`, `code_postal`, `country`, `neighborhood`, `brand`, `stars`, `latitude`, `longitude`, `validate`, `produit_id`, `category_id`, `created_at`, `updated_at`) VALUES
(1, 'Royal Nozha Hammamet', 'http://booking.traveltodo.com/tn/cr.resa/ui/aba/Hotel_Detail.aspx?id=1105&od=1&user=1063&curr=1&ilng=1', 'à partir de 65  dt ', '– Logement & petit déjeuner', '', '', '', 'Hammamet', 'Hammamet', 'Hammamet', '', 'Tunisie', '', '', '4 étoiles', '1', '1', 'true', '1105', 2, '2017-11-02 18:17:46', '2017-11-02 22:33:55'),
(2, 'Dar Ismail Tabarka', 'https://booking.traveltodo.com/tn/cr.resa/ui/aba/Hotel_Detail.aspx?id=473&od=1&user=1063&curr=1&todate=04/11/2017', 'à partir de 50.700 dt', '&#8211; Logement &amp; petit déjeuner', '', '', '', 'Tabarka', 'Tabarka', 'Tabarka', '', 'Tunisie', '', '', '5 étoiles', '0', '1', 'false', '473', 2, '2017-11-02 18:17:59', '2017-11-14 13:08:25'),
(3, 'Le Royal Hammamet', 'http://booking.traveltodo.com/tn/cr.resa/ui/aba/hotel-descriptif-Le%20Royal%20Hammamet-Hammamet--483-1063-1-1.aspx', 'à partir de 65.250  dt 			             ', '&#8211; Logement &#038; petit déjeuner ', '', '', '', 'Hammamet', 'Hammamet', 'Hammamet', '', 'Tunisie', '', '', '5 étoiles', '1', '1', 'true', '483', 4, '2017-11-02 18:18:09', '2017-11-14 12:58:29'),
(4, 'Djerba Plaza Hôtel', 'https://booking.traveltodo.com/tn/cr.resa/ui/aba/Hotel_Detail.aspx?id=1110&od=1&user=1063&curr=1&ilng=1', 'à partir de  56.100  dt', '&#8211; Logement &amp; petit déjeuner', '', '', '', 'Djerba', 'Djerba', 'Djerba', '', 'Tunisie', '', '', '4 étoiles', '1', '1', 'true', '1110', 2, '2017-11-02 18:18:20', '2017-11-07 09:57:11'),
(5, 'Laico Hammamet', 'http://booking.traveltodo.com/tn/cr.resa/ui/aba/hotel-descriptif-Laico%20Hammamet-Hammamet--1086-1063-1-1.aspx', 'à partir de 79.300  dt ', '&#8211; Logement &amp; petit déjeuner', NULL, NULL, NULL, NULL, 'Hammamet', 'Hammamet', NULL, 'Tunisie', NULL, NULL, '5 étoiles', NULL, NULL, 'false', '1086', 2, '2017-11-02 18:18:34', '2017-11-02 18:18:34'),
(6, 'Radisson Blu Resort &#038; Thalasso Hammamet', 'http://booking.traveltodo.com/tn/cr.resa/ui/aba/hotel-descriptif-Radisson%20Blu%20Resort%20%20Thalasso%20Hammamet-Hammamet--1457-1063-1-1.aspx', 'à partir de 72 dt', '&#8211; Logement &amp; petit déjeuner', NULL, NULL, NULL, NULL, 'Hammamet', 'Hammamet', NULL, 'Tunisie', NULL, NULL, '5 étoiles', NULL, NULL, 'false', '1457', 2, '2017-11-02 18:18:46', '2017-11-07 17:45:23'),
(7, 'Royal Thalassa Monastir', 'http://booking.traveltodo.com/tn/cr.resa/ui/aba/hotel-descriptif-Royal%20Thalassa%20Monastir-Monastir--1017-1063-1-1.aspx', 'à partir de 72.800 dt', '&#8211; Logement &amp; petit déjeuner', NULL, NULL, NULL, NULL, 'Monastir', 'Monastir', NULL, 'Tunisie', NULL, NULL, '5 étoiles', NULL, NULL, 'false', '1017', 2, '2017-11-02 18:19:00', '2017-11-07 17:45:39'),
(8, 'Golden Tulip Taj Sultan Resort Hammamet', 'http://booking.traveltodo.com/tn/cr.resa/ui/aba/hotel-descriptif-Golden%20Tulip%20Taj%20Sultan%20Resort-Hammamet--1061-1063-1-1.aspx', 'à partir de 113.500 dt', '&#8211;  Logement &amp; petit déjeuner', NULL, NULL, NULL, NULL, 'Hammamet', 'Hammamet', NULL, 'Tunisie', NULL, NULL, '5 étoiles', NULL, NULL, 'true', '1061', 2, '2017-11-02 18:19:13', '2017-11-14 09:37:08'),
(9, 'Sousse Palace Sousse', 'http://booking.traveltodo.com/tn/cr.resa/ui/aba/hotel-descriptif-Sousse%20Palace-Sousse--1660-1063-1-1.aspx', 'à partir de 117 dt ', '&#8211; en DP ', NULL, NULL, NULL, NULL, 'Sousse', 'Sousse', NULL, 'Tunisie', NULL, NULL, '5 étoiles', NULL, NULL, 'true', '1660', 2, '2017-11-02 18:19:26', '2017-11-14 09:37:16'),
(10, 'SENTIDO Le Sultan Hammamet', 'https://booking.traveltodo.com/tn/cr.resa/ui/aba/Hotel_Detail.aspx?id=1036&od=1&user=1063&curr=1&ilng=1', 'à partir de 74.100 dt', '&#8211; Logement &amp; petit déjeuner', NULL, NULL, NULL, NULL, 'Hammamet', 'Hammamet', NULL, 'Tunisie', NULL, NULL, '4 étoiles', NULL, NULL, 'false', '1036', 2, '2017-11-02 18:19:38', '2017-11-07 17:45:47'),
(11, 'Traveltodo Village Africa Jade Korba', 'https://booking.traveltodo.com/tn/cr.resa/ui/aba/Hotel_Detail.aspx?id=1112&od=1&user=1063&curr=1&ilng=1', 'à partir de 62.400 dt 			             ', '&#8211; Logement &#038; petit déjeuner              ', NULL, NULL, NULL, NULL, 'Korba', 'Korba', NULL, 'Tunisie', NULL, NULL, '4 étoiles', NULL, NULL, 'false', '1112', 4, '2017-11-02 18:19:50', '2017-11-14 12:58:20'),
(12, 'Sentido Phenicia Hammamet', 'http://booking.traveltodo.com/tn/cr.resa/ui/aba/Hotel_Detail.aspx?id=993&od=1&user=1063&curr=1&ilng=1', 'à partir de 104.650 dt ', '&#8211; en AI ', NULL, NULL, NULL, NULL, 'Hammamet', 'Hammamet', NULL, 'Tunisie', NULL, NULL, '4 étoiles', NULL, NULL, 'true', '993', 2, '2017-11-02 18:20:06', '2017-11-14 09:37:15'),
(13, 'Seabel Rym Beach Djerba', 'http://booking.traveltodo.com/tn/cr.resa/ui/aba/hotel-descriptif-Seabel%20Rym%20Beach-102-Tunisie-1094-1063-1-1.aspx', 'à partir de 148.750  dt ', '&#8211; en AI ', NULL, NULL, NULL, NULL, 'Djerba', 'Djerba', NULL, 'Tunisie', NULL, NULL, '4 étoiles', NULL, NULL, 'false', '1094', 2, '2017-11-02 18:20:16', '2017-11-02 18:20:16'),
(14, 'Movenpick Resort &#038; Marine SPA Sousse', 'https://booking.traveltodo.com/tn/cr.resa/ui/aba/Hotel_Detail.aspx?id=1170&od=1&user=1063&curr=1&ilng=1', 'à partir de 110 dt', '&#8211; Logement &amp; petit déjeuner', NULL, NULL, NULL, NULL, 'Sousse', 'Sousse', NULL, 'Tunisie', NULL, NULL, '5 étoiles', NULL, NULL, 'false', '1170', 2, '2017-11-02 18:20:29', '2017-11-07 17:45:59'),
(15, 'THE RUSSELIOR Hammamet', 'https://booking.traveltodo.com/tn/cr.resa/ui/aba/Hotel_Detail.aspx?id=1225&od=1&user=1063&curr=1&ilng=1', 'à partir de 122 dt', '&#8211; Logement &amp; petit déjeuner', NULL, NULL, NULL, NULL, 'Hammamet', 'Hammamet', NULL, 'Tunisie', NULL, NULL, '5 étoiles', NULL, NULL, 'false', '1225', 2, '2017-11-02 18:20:43', '2017-11-07 17:46:09'),
(16, 'La Badira Hammamet', 'http://booking.traveltodo.com/tn/cr.resa/ui/aba/hotel-descriptif-La%20Badira-104-Tunisie-1490-1063-1-1.aspx', 'à partir de 161.500  dt ', '– Logement & petit déjeuner ', '', '', '', '', 'Hammamet', 'Hammamet', '', 'Tunisie', '', 'Tunisie', '5 étoiles', '1', '1', 'false', '1490', 2, '2017-11-02 18:20:54', '2017-11-02 22:23:42'),
(17, 'El Mouradi Palace Sousse', 'https://booking.traveltodo.com/tn/cr.resa/ui/aba/Hotel_Detail.aspx?id=1099&od=1&user=1063&curr=1&ilng=1', 'à partir de 59.900  dt 			             ', '&#8211; Logement &#038; petit déjeuner              ', NULL, NULL, NULL, NULL, NULL, 'Sousse', NULL, 'Tunisie', NULL, NULL, '5 étoiles', NULL, NULL, 'true', '1099', 4, '2017-11-07 09:57:17', '2017-11-14 12:58:03'),
(18, 'Saphir Palace &#038; Spa Hammamet ', 'http://booking.traveltodo.com/tn/cr.resa/ui/aba/hotel-descriptif-Saphir%20Palace%20%20Spa-Hammamet--902-1063-1-1.aspx', 'à partir de 66.375 dt 			             ', '&#8211; Logement &#038; petit déjeuner ', NULL, NULL, NULL, NULL, NULL, 'Hammamet', NULL, 'Tunisie', NULL, NULL, '5 étoiles', NULL, NULL, 'false', '902', 4, '2017-11-07 17:45:13', '2017-11-14 12:58:32'),
(19, 'Meninx Djerba', 'http://booking.traveltodo.com/tn/cr.resa/ui/aba/hotel-descriptif-Meninx-Djerba--1482-1063-1-1.aspx', 'à partir de 39 dt 			au lieu de 44 DT             ', ' &#8211;   Logement &#038; petit déjeuner', NULL, NULL, NULL, NULL, NULL, 'Djerba', NULL, 'Tunisie', NULL, NULL, '3 étoiles', NULL, NULL, 'false', '1482', 4, '2017-11-14 12:57:45', '2017-11-14 12:57:45'),
(20, 'Isis Thalasso &#038; Spa Djerba', 'http://booking.traveltodo.com/tn/cr.resa/ui/aba/hotel-descriptif-Isis%20Thalasso%20%20Spa-Djerba--1431-1063-1-1.aspx', 'à partir de 41.600 dt 			             ', '&#8211;  en DP + ', NULL, NULL, NULL, NULL, NULL, 'Djerba', NULL, 'Tunisie', NULL, NULL, '4 étoiles', NULL, NULL, 'false', '1431', 4, '2017-11-14 12:57:52', '2017-11-14 12:57:52'),
(21, 'Green Palm Golf &#038; Spa Djerba', 'http://booking.traveltodo.com/tn/cr.resa/ui/aba/hotel-descriptif-Green%20Palm%20Golf%20%20Spa-Djerba--1208-1063-1-1.aspx', 'à partir de 43.680 dt 			             ', '&#8211; Logement &#038; petit déjeuner', NULL, NULL, NULL, NULL, NULL, 'Djerba', NULL, 'Tunisie', NULL, NULL, '4 étoiles', NULL, NULL, 'false', '1208', 4, '2017-11-14 12:57:57', '2017-11-14 12:57:57'),
(22, 'El Mouradi Hammamet ', 'https://booking.traveltodo.com/tn/cr.resa/ui/aba/Hotel_Detail.aspx?id=987&od=1&user=1063&curr=1&ilng=1', 'à partir de 59.900 dt 			             ', '&#8211; Logement &#038; petit déjeuner              ', NULL, NULL, NULL, NULL, NULL, 'Hammamet', NULL, 'Tunisie', NULL, NULL, '5 étoiles', NULL, NULL, 'false', '987', 4, '2017-11-14 12:58:12', '2017-11-14 12:58:12'),
(23, 'Palm Beach Palace Tozeur ', 'http://booking.traveltodo.com/tn/cr.resa/ui/aba/hotel-descriptif-Palm%20Beach%20Palace%20Tozeur-Tozeur--609-1063-1-1.aspx', 'à partir de 71.500 dt 			             ', '&#8211; Logement &#038; petit déjeuner ', NULL, NULL, NULL, NULL, NULL, 'Tozeur', NULL, 'Tunisie', NULL, NULL, '5 étoiles', NULL, NULL, 'false', '609', 4, '2017-11-14 12:58:39', '2017-11-14 12:58:39'),
(24, 'Royal Thalassa Monastir ', 'https://booking.traveltodo.com/tn/cr.resa/ui/aba/hotel-descriptif-M%C3%A9nara-Hammamet--1522-1063-1-1.aspx', 'à partir de 72.800  dt 			             ', ' &#8211; Logement &#038; petit déjeuner', NULL, NULL, NULL, NULL, NULL, 'Hammamet', NULL, 'Tunisie', NULL, NULL, '4 étoiles', NULL, NULL, 'false', '1522', 4, '2017-11-14 12:58:45', '2017-11-14 12:58:45');

-- --------------------------------------------------------

--
-- Structure de la table `images`
--

CREATE TABLE `images` (
  `id` int(10) UNSIGNED NOT NULL,
  `url` varchar(255) COLLATE utf8_unicode_ci NOT NULL,
  `local` text COLLATE utf8_unicode_ci,
  `validate` varchar(255) COLLATE utf8_unicode_ci NOT NULL DEFAULT 'false',
  `destination_id` int(10) UNSIGNED DEFAULT NULL,
  `hotel_id` int(10) UNSIGNED DEFAULT NULL,
  `created_at` timestamp NULL DEFAULT NULL,
  `updated_at` timestamp NULL DEFAULT NULL
) ENGINE=InnoDB DEFAULT CHARSET=utf8 COLLATE=utf8_unicode_ci;

--
-- Déchargement des données de la table `images`
--

INSERT INTO `images` (`id`, `url`, `local`, `validate`, `destination_id`, `hotel_id`, `created_at`, `updated_at`) VALUES
(139, 'https://fwk.e-receptif.com:447/cr.fwk/images/products/Product-5754-20160930-122332.jpg', 'product-0-1509654189.jpg', 'false', 1, NULL, '2017-11-02 18:23:09', '2017-11-02 18:23:09'),
(140, 'https://fwk.e-receptif.com:447/cr.fwk/images/products/Product-5754-20160930-122348.jpg', 'product-1-1509654190.jpg', 'false', 1, NULL, '2017-11-02 18:23:10', '2017-11-02 18:23:10'),
(141, 'https://fwk.e-receptif.com:447/cr.fwk/images/products/Product-5754-20160930-122356.jpg', 'product-2-1509654192.jpg', 'false', 1, NULL, '2017-11-02 18:23:12', '2017-11-02 18:23:12'),
(142, 'https://fwk.e-receptif.com:447/cr.fwk/images/products/Product-5754-20160930-122407.jpg', 'product-3-1509654193.jpg', 'false', 1, NULL, '2017-11-02 18:23:13', '2017-11-02 18:23:13'),
(143, 'https://fwk.e-receptif.com:447/cr.fwk/images/products/Product-5754-20160930-122417.jpg', 'product-4-1509654194.jpg', 'false', 1, NULL, '2017-11-02 18:23:14', '2017-11-02 18:23:14'),
(144, 'https://fwk.e-receptif.com:447/cr.fwk/images/products/Product-5754-20160930-122428.jpg', 'product-5-1509654196.jpg', 'false', 1, NULL, '2017-11-02 18:23:16', '2017-11-02 18:23:16'),
(145, 'https://fwk.e-receptif.com:447/cr.fwk/images/products/Product-5397-20160425-021554.jpg', 'product-0-1509654199.jpg', 'false', 2, NULL, '2017-11-02 18:23:19', '2017-11-02 18:23:19'),
(146, 'https://fwk.e-receptif.com:447/cr.fwk/images/products/Product-5397-20160425-021602.jpg', 'product-1-1509654201.jpg', 'false', 2, NULL, '2017-11-02 18:23:21', '2017-11-02 18:23:21'),
(147, 'https://fwk.e-receptif.com:447/cr.fwk/images/products/Product-5397-20160425-021612.jpg', 'product-2-1509654202.jpg', 'false', 2, NULL, '2017-11-02 18:23:22', '2017-11-02 18:23:22'),
(148, 'https://fwk.e-receptif.com:447/cr.fwk/images/products/Product-5397-20160425-021621.jpg', 'product-3-1509654203.jpg', 'false', 2, NULL, '2017-11-02 18:23:23', '2017-11-02 18:23:23'),
(149, 'https://fwk.e-receptif.com:447/cr.fwk/images/products/Product-5397-20160425-021630.jpg', 'product-4-1509654204.jpg', 'false', 2, NULL, '2017-11-02 18:23:24', '2017-11-02 18:23:24'),
(150, 'https://fwk.e-receptif.com:447/cr.fwk/images/products/Product-5397-20160425-021639.jpg', 'product-5-1509654205.jpg', 'false', 2, NULL, '2017-11-02 18:23:25', '2017-11-02 18:23:25'),
(151, 'https://fwk.e-receptif.com:447/cr.fwk/images/products/Product-5397-20160425-021652.jpg', 'product-6-1509654206.jpg', 'false', 2, NULL, '2017-11-02 18:23:26', '2017-11-02 18:23:26'),
(152, 'https://fwk.e-receptif.com:447/cr.fwk/images/products/Product-5397-20160425-021705.jpg', 'product-7-1509654207.jpg', 'false', 2, NULL, '2017-11-02 18:23:27', '2017-11-02 18:23:27'),
(153, 'https://fwk.e-receptif.com:447/cr.fwk/images/products/Product-5969-20170207-094721.jpg', 'product-0-1509654210.jpg', 'false', 3, NULL, '2017-11-02 18:23:30', '2017-11-02 18:23:30'),
(154, 'https://fwk.e-receptif.com:447/cr.fwk/images/products/Product-5969-20170207-094733.jpg', 'product-1-1509654211.jpg', 'false', 3, NULL, '2017-11-02 18:23:31', '2017-11-02 18:23:31'),
(155, 'https://fwk.e-receptif.com:447/cr.fwk/images/products/Product-5969-20170207-094751.jpg', 'product-2-1509654212.jpg', 'false', 3, NULL, '2017-11-02 18:23:32', '2017-11-02 18:23:32'),
(156, 'https://fwk.e-receptif.com:447/cr.fwk/images/products/Product-5969-20170207-094800.jpg', 'product-3-1509654213.jpg', 'false', 3, NULL, '2017-11-02 18:23:33', '2017-11-02 18:23:33'),
(157, 'https://fwk.e-receptif.com:447/cr.fwk/images/products/Product-5756-20160930-123935.jpg', 'product-0-1509654216.jpg', 'false', 4, NULL, '2017-11-02 18:23:36', '2017-11-02 18:23:36'),
(158, 'https://fwk.e-receptif.com:447/cr.fwk/images/products/Product-5756-20160930-123941.jpg', 'product-1-1509654217.jpg', 'false', 4, NULL, '2017-11-02 18:23:37', '2017-11-02 18:23:37'),
(159, 'https://fwk.e-receptif.com:447/cr.fwk/images/products/Product-5756-20160930-123951.jpg', 'product-2-1509654218.jpg', 'false', 4, NULL, '2017-11-02 18:23:38', '2017-11-02 18:23:38'),
(160, 'https://fwk.e-receptif.com:447/cr.fwk/images/products/Product-5756-20160930-123959.jpg', 'product-3-1509654219.jpg', 'false', 4, NULL, '2017-11-02 18:23:39', '2017-11-02 18:23:39'),
(161, 'https://fwk.e-receptif.com:447/cr.fwk/images/products/Product-5756-20160930-124010.jpg', 'product-4-1509654221.jpg', 'false', 4, NULL, '2017-11-02 18:23:41', '2017-11-02 18:23:41'),
(162, 'https://fwk.e-receptif.com:447/cr.fwk/images/products/Product-5756-20160930-124019.jpg', 'product-5-1509654222.jpg', 'false', 4, NULL, '2017-11-02 18:23:42', '2017-11-02 18:23:42'),
(163, 'https://fwk.e-receptif.com:447/cr.fwk/images/products/Product-5965-20170202-113755.jpg', 'product-0-1509654225.jpg', 'false', 5, NULL, '2017-11-02 18:23:45', '2017-11-02 18:23:45'),
(164, 'https://fwk.e-receptif.com:447/cr.fwk/images/products/Product-5965-20170202-113812.jpg', 'product-1-1509654226.jpg', 'false', 5, NULL, '2017-11-02 18:23:46', '2017-11-02 18:23:46'),
(165, 'https://fwk.e-receptif.com:447/cr.fwk/images/products/Product-5965-20170202-113823.jpg', 'product-2-1509654227.jpg', 'false', 5, NULL, '2017-11-02 18:23:47', '2017-11-02 18:23:47'),
(166, 'https://fwk.e-receptif.com:447/cr.fwk/images/products/Product-5965-20170202-113832.jpg', 'product-3-1509654229.jpg', 'false', 5, NULL, '2017-11-02 18:23:49', '2017-11-02 18:23:49'),
(167, 'https://fwk.e-receptif.com:447/cr.fwk/images/products/Product-5755-20160930-123131.jpg', 'product-0-1509654233.jpg', 'false', 6, NULL, '2017-11-02 18:23:53', '2017-11-02 18:23:53'),
(168, 'https://fwk.e-receptif.com:447/cr.fwk/images/products/Product-5755-20160930-123141.jpg', 'product-1-1509654234.jpg', 'false', 6, NULL, '2017-11-02 18:23:54', '2017-11-02 18:23:54'),
(169, 'https://fwk.e-receptif.com:447/cr.fwk/images/products/Product-5755-20160930-123152.jpg', 'product-2-1509654236.jpg', 'false', 6, NULL, '2017-11-02 18:23:56', '2017-11-02 18:23:56'),
(170, 'https://fwk.e-receptif.com:447/cr.fwk/images/products/Product-5755-20160930-123202.jpg', 'product-3-1509654237.jpg', 'false', 6, NULL, '2017-11-02 18:23:57', '2017-11-02 18:23:57'),
(171, 'https://fwk.e-receptif.com:447/cr.fwk/images/products/Product-5755-20160930-123212.jpg', 'product-4-1509654239.jpg', 'false', 6, NULL, '2017-11-02 18:23:59', '2017-11-02 18:23:59'),
(172, 'https://fwk.e-receptif.com:447/cr.fwk/images/products/Product-5755-20160930-123322.jpg', 'product-5-1509654240.jpg', 'false', 6, NULL, '2017-11-02 18:24:00', '2017-11-02 18:24:00'),
(173, 'https://fwk.e-receptif.com:447/cr.fwk/images/products/Product-5966-20170202-115535.jpg', 'product-0-1509654244.jpg', 'false', 7, NULL, '2017-11-02 18:24:04', '2017-11-02 18:24:04'),
(174, 'https://fwk.e-receptif.com:447/cr.fwk/images/products/Product-5966-20170202-115544.jpg', 'product-1-1509654246.jpg', 'false', 7, NULL, '2017-11-02 18:24:06', '2017-11-02 18:24:06'),
(175, 'https://fwk.e-receptif.com:447/cr.fwk/images/products/Product-5966-20170202-115603.jpg', 'product-2-1509654247.jpg', 'false', 7, NULL, '2017-11-02 18:24:07', '2017-11-02 18:24:07'),
(176, 'https://fwk.e-receptif.com:447/cr.fwk/images/products/Product-5966-20170202-115613.jpg', 'product-3-1509654248.jpg', 'false', 7, NULL, '2017-11-02 18:24:08', '2017-11-02 18:24:08'),
(177, 'https://fwk.e-receptif.com:447/cr.fwk/images/products/Product-5757-20160930-124742.jpg', 'product-0-1509654253.jpg', 'false', 8, NULL, '2017-11-02 18:24:13', '2017-11-02 18:24:13'),
(178, 'https://fwk.e-receptif.com:447/cr.fwk/images/products/Product-5757-20160930-124958.jpg', 'product-1-1509654255.jpg', 'false', 8, NULL, '2017-11-02 18:24:15', '2017-11-02 18:24:15'),
(179, 'https://fwk.e-receptif.com:447/cr.fwk/images/products/Product-5757-20160930-125007.jpg', 'product-2-1509654257.jpg', 'false', 8, NULL, '2017-11-02 18:24:17', '2017-11-02 18:24:17'),
(180, 'https://fwk.e-receptif.com:447/cr.fwk/images/products/Product-5757-20160930-125015.jpg', 'product-3-1509654258.jpg', 'false', 8, NULL, '2017-11-02 18:24:18', '2017-11-02 18:24:18'),
(181, 'https://fwk.e-receptif.com:447/cr.fwk/images/products/Product-5757-20160930-125025.jpg', 'product-4-1509654261.jpg', 'false', 8, NULL, '2017-11-02 18:24:21', '2017-11-02 18:24:21'),
(182, 'https://fwk.e-receptif.com:447/cr.fwk/images/products/Product-5757-20160930-125034.jpg', 'product-5-1509654263.jpg', 'false', 8, NULL, '2017-11-02 18:24:23', '2017-11-02 18:24:23'),
(183, 'https://fwk.e-receptif.com:447/cr.fwk/images/products/Product-5190-20160115-122842.jpg', 'product-0-1509654268.jpg', 'false', 9, NULL, '2017-11-02 18:24:28', '2017-11-02 18:24:28'),
(184, 'https://fwk.e-receptif.com:447/cr.fwk/images/products/Product-5190-20160115-122854.jpg', 'product-1-1509654270.jpg', 'false', 9, NULL, '2017-11-02 18:24:30', '2017-11-02 18:24:30'),
(185, 'https://fwk.e-receptif.com:447/cr.fwk/images/products/Product-5190-20160115-122902.jpg', 'product-2-1509654272.jpg', 'false', 9, NULL, '2017-11-02 18:24:32', '2017-11-02 18:24:32'),
(186, 'https://fwk.e-receptif.com:447/cr.fwk/images/products/Product-5190-20160115-122911.jpg', 'product-3-1509654274.jpg', 'false', 9, NULL, '2017-11-02 18:24:34', '2017-11-02 18:24:34'),
(187, 'https://fwk.e-receptif.com:447/cr.fwk/images/products/Product-5190-20160115-122920.jpg', 'product-4-1509654276.jpg', 'false', 9, NULL, '2017-11-02 18:24:36', '2017-11-02 18:24:36'),
(188, 'https://fwk.e-receptif.com:447/cr.fwk/images/products/Product-5190-20160115-122930.jpg', 'product-5-1509654278.jpg', 'false', 9, NULL, '2017-11-02 18:24:38', '2017-11-02 18:24:38'),
(189, 'https://fwk.e-receptif.com:447/cr.fwk/images/products/Product-5190-20160115-122945.jpg', 'product-6-1509654280.jpg', 'false', 9, NULL, '2017-11-02 18:24:40', '2017-11-02 18:24:40'),
(190, 'https://fwk.e-receptif.com:447/cr.fwk/images/products/Product-5190-20160115-122954.jpg', 'product-7-1509654282.jpg', 'false', 9, NULL, '2017-11-02 18:24:42', '2017-11-02 18:24:42'),
(191, 'https://fwk.e-receptif.com:447/cr.fwk/images/products/Product-4997-20151009-035916.jpg', 'product-0-1509654288.jpg', 'false', 10, NULL, '2017-11-02 18:24:48', '2017-11-02 18:24:48'),
(192, 'https://fwk.e-receptif.com:447/cr.fwk/images/products/Product-4997-20151009-035928.jpg', 'product-1-1509654290.jpg', 'false', 10, NULL, '2017-11-02 18:24:50', '2017-11-02 18:24:50'),
(193, 'https://fwk.e-receptif.com:447/cr.fwk/images/products/Product-4997-20151009-035943.jpg', 'product-2-1509654292.jpg', 'false', 10, NULL, '2017-11-02 18:24:52', '2017-11-02 18:24:52'),
(194, 'https://fwk.e-receptif.com:447/cr.fwk/images/products/Product-4997-20151009-035953.jpg', 'product-3-1509654293.jpg', 'false', 10, NULL, '2017-11-02 18:24:53', '2017-11-02 18:24:53'),
(195, 'https://fwk.e-receptif.com:447/cr.fwk/images/products/Product-4997-20151009-042759.jpg', 'product-4-1509654296.jpg', 'false', 10, NULL, '2017-11-02 18:24:56', '2017-11-02 18:24:56'),
(196, 'https://fwk.e-receptif.com:447/cr.fwk/images/products/Product-4997-20151009-042810.jpg', 'product-5-1509654298.jpg', 'false', 10, NULL, '2017-11-02 18:24:58', '2017-11-02 18:24:58'),
(197, 'https://fwk.e-receptif.com:447/cr.fwk/images/products/Product-4997-20151009-042832.jpg', 'product-6-1509654299.jpg', 'false', 10, NULL, '2017-11-02 18:24:59', '2017-11-02 18:24:59'),
(198, 'https://fwk.e-receptif.com:447/cr.fwk/images/products/Product-4997-20151009-042843.jpg', 'product-7-1509654301.jpg', 'false', 10, NULL, '2017-11-02 18:25:01', '2017-11-02 18:25:01'),
(199, 'https://fwk.e-receptif.com:447/cr.fwk/images/products/Product-4997-20151009-042909.jpg', 'product-8-1509654302.jpg', 'false', 10, NULL, '2017-11-02 18:25:02', '2017-11-02 18:25:02'),
(200, 'https://fwk.e-receptif.com:447/cr.fwk/images/products/Product-4997-20151009-042921.jpg', 'product-9-1509654304.jpg', 'false', 10, NULL, '2017-11-02 18:25:04', '2017-11-02 18:25:04'),
(201, 'https://fwk.e-receptif.com:447/cr.fwk/images/products/Product-4997-20151009-042934.jpg', 'product-10-1509654306.jpg', 'false', 10, NULL, '2017-11-02 18:25:06', '2017-11-02 18:25:06'),
(202, 'https://fwk.e-receptif.com:447/cr.fwk/images/products/Product-4997-20151009-042954.jpg', 'product-11-1509654308.jpg', 'false', 10, NULL, '2017-11-02 18:25:08', '2017-11-02 18:25:08'),
(203, 'https://fwk.e-receptif.com:447/cr.fwk/images/products/Product-5765-20161008-091853.jpg', 'product-0-1509654312.jpg', 'false', 11, NULL, '2017-11-02 18:25:12', '2017-11-02 18:25:12'),
(204, 'https://fwk.e-receptif.com:447/cr.fwk/images/products/Product-5765-20161008-091903.jpg', 'product-1-1509654313.jpg', 'false', 11, NULL, '2017-11-02 18:25:13', '2017-11-02 18:25:13'),
(205, 'https://fwk.e-receptif.com:447/cr.fwk/images/products/Product-5765-20161008-091912.jpg', 'product-2-1509654314.jpg', 'false', 11, NULL, '2017-11-02 18:25:14', '2017-11-02 18:25:14'),
(206, 'https://fwk.e-receptif.com:447/cr.fwk/images/products/Product-5765-20161008-091921.jpg', 'product-3-1509654315.jpg', 'false', 11, NULL, '2017-11-02 18:25:15', '2017-11-02 18:25:15'),
(207, 'https://fwk.e-receptif.com:447/cr.fwk/images/products/Product-5765-20161008-091929.jpg', 'product-4-1509654317.jpg', 'false', 11, NULL, '2017-11-02 18:25:17', '2017-11-02 18:25:17'),
(208, 'https://fwk.e-receptif.com:447/cr.fwk/images/products/Product-5765-20161008-091938.jpg', 'product-5-1509654318.jpg', 'false', 11, NULL, '2017-11-02 18:25:18', '2017-11-02 18:25:18'),
(209, 'https://fwk.e-receptif.com:447/cr.fwk/images/hotels/Hotel-1854-20160512-051831.jpg', 'product-0-1509654363.jpg', 'false', NULL, 1, '2017-11-02 18:26:03', '2017-11-02 18:26:03'),
(210, 'https://fwk.e-receptif.com:447/cr.fwk/images/hotels/Hotel-1854-20160512-051849.jpg', 'product-1-1509654365.jpg', 'false', NULL, 1, '2017-11-02 18:26:05', '2017-11-02 18:26:05'),
(211, 'https://fwk.e-receptif.com:447/cr.fwk/images/hotels/Hotel-1854-20160713-092851.jpg', 'product-2-1509654366.jpg', 'false', NULL, 1, '2017-11-02 18:26:06', '2017-11-02 18:26:06'),
(212, 'https://fwk.e-receptif.com:447/cr.fwk/images/hotels/Hotel-1854-20160512-052202.jpg', 'product-3-1509654368.jpg', 'false', NULL, 1, '2017-11-02 18:26:08', '2017-11-02 18:26:08'),
(213, 'https://fwk.e-receptif.com:447/cr.fwk/images/hotels/Hotel-1854-20160512-052216.jpg', 'product-4-1509654370.jpg', 'true', NULL, 1, '2017-11-02 18:26:10', '2017-11-02 22:27:01'),
(214, 'https://fwk.e-receptif.com:447/cr.fwk/images/hotels/Hotel-1854-20160512-052408.jpg', 'product-5-1509654372.jpg', 'true', NULL, 1, '2017-11-02 18:26:12', '2017-11-02 22:27:01'),
(215, 'https://fwk.e-receptif.com:447/cr.fwk/images/hotels/Hotel-1854-20160713-092903.jpg', 'product-6-1509654373.jpg', 'false', NULL, 1, '2017-11-02 18:26:13', '2017-11-02 18:26:13'),
(216, 'https://fwk.e-receptif.com:447/cr.fwk/images/hotels/Hotel-1854-20160512-052559.jpg', 'product-7-1509654376.jpg', 'false', NULL, 1, '2017-11-02 18:26:16', '2017-11-02 18:26:16'),
(217, 'https://fwk.e-receptif.com:447/cr.fwk/images/hotels/Hotel-1854-20170619-120735.jpg', 'product-8-1509654377.jpg', 'false', NULL, 1, '2017-11-02 18:26:17', '2017-11-02 18:26:17'),
(218, 'https://fwk.e-receptif.com:447/cr.fwk/images/hotels/Section-727-20120223-084650.jpg', 'product-0-1509654382.jpg', 'true', NULL, 2, '2017-11-02 18:26:22', '2017-11-02 20:05:30'),
(219, 'https://fwk.e-receptif.com:447/cr.fwk/images/hotels/Section-727-20120223-084703.jpg', 'product-1-1509654383.jpg', 'true', NULL, 2, '2017-11-02 18:26:23', '2017-11-02 20:05:31'),
(220, 'https://fwk.e-receptif.com:447/cr.fwk/images/hotels/Section-727-20120223-084719.jpg', 'product-2-1509654386.jpg', 'false', NULL, 2, '2017-11-02 18:26:26', '2017-11-02 18:26:26'),
(221, 'https://fwk.e-receptif.com:447/cr.fwk/images/hotels/Section-727-20120223-084805.jpg', 'product-3-1509654388.jpg', 'true', NULL, 2, '2017-11-02 18:26:28', '2017-11-02 20:05:31'),
(222, 'https://fwk.e-receptif.com:447/cr.fwk/images/hotels/Section-727-20120223-085017.jpg', 'product-4-1509654389.jpg', 'true', NULL, 2, '2017-11-02 18:26:29', '2017-11-02 20:05:31'),
(223, 'https://fwk.e-receptif.com:447/cr.fwk/images/hotels/Section-727-20120223-085041.jpg', 'product-5-1509654391.jpg', 'false', NULL, 2, '2017-11-02 18:26:31', '2017-11-02 18:26:31'),
(224, 'https://fwk.e-receptif.com:447/cr.fwk/images/hotels/Section-727-20120223-085121.jpg', 'product-6-1509654393.jpg', 'false', NULL, 2, '2017-11-02 18:26:33', '2017-11-02 18:26:33'),
(225, 'https://fwk.e-receptif.com:447/cr.fwk/images/hotels/Hotel-727-20150716-015903.jpg', 'product-7-1509654396.jpg', 'false', NULL, 2, '2017-11-02 18:26:36', '2017-11-02 18:26:36'),
(226, 'https://fwk.e-receptif.com:447/cr.fwk/images/hotels/Section-737-20120203-051758.jpg', 'product-0-1509654399.jpg', 'false', NULL, 3, '2017-11-02 18:26:39', '2017-11-02 18:26:39'),
(227, 'https://fwk.e-receptif.com:447/cr.fwk/images/hotels/Section-737-20120203-051819.jpg', 'product-1-1509654401.jpg', 'true', NULL, 3, '2017-11-02 18:26:41', '2017-11-02 22:24:32'),
(228, 'https://fwk.e-receptif.com:447/cr.fwk/images/hotels/Section-737-20120203-051835.jpg', 'product-2-1509654403.jpg', 'true', NULL, 3, '2017-11-02 18:26:43', '2017-11-02 22:24:32'),
(229, 'https://fwk.e-receptif.com:447/cr.fwk/images/hotels/Section-737-20120203-051859.jpg', 'product-3-1509654405.jpg', 'false', NULL, 3, '2017-11-02 18:26:45', '2017-11-02 18:26:45'),
(230, 'https://fwk.e-receptif.com:447/cr.fwk/images/hotels/Section-737-20120203-051918.jpg', 'product-4-1509654406.jpg', 'false', NULL, 3, '2017-11-02 18:26:46', '2017-11-02 18:26:46'),
(231, 'https://fwk.e-receptif.com:447/cr.fwk/images/hotels/Section-737-20120203-052047.jpg', 'product-5-1509654408.jpg', 'false', NULL, 3, '2017-11-02 18:26:48', '2017-11-02 18:26:48'),
(232, 'https://fwk.e-receptif.com:447/cr.fwk/images/hotels/Section-737-20120203-052107.jpg', 'product-6-1509654410.jpg', 'false', NULL, 3, '2017-11-02 18:26:50', '2017-11-02 18:26:50'),
(233, 'https://fwk.e-receptif.com:447/cr.fwk/images/hotels/Section-737-20120203-052138.jpg', 'product-7-1509654411.jpg', 'false', NULL, 3, '2017-11-02 18:26:51', '2017-11-02 18:26:51'),
(234, 'https://fwk.e-receptif.com:447/cr.fwk/images/hotels/Section-1873-20120126-050120.jpg', 'product-0-1509654417.jpg', 'false', NULL, 4, '2017-11-02 18:26:57', '2017-11-02 18:26:57'),
(235, 'https://fwk.e-receptif.com:447/cr.fwk/images/hotels/Hotel-1873-20170227-025721.jpg', 'product-1-1509654418.jpg', 'false', NULL, 4, '2017-11-02 18:26:58', '2017-11-02 18:26:58'),
(236, 'https://fwk.e-receptif.com:447/cr.fwk/images/hotels/Section-1873-20120126-050150.jpg', 'product-2-1509654420.jpg', 'false', NULL, 4, '2017-11-02 18:27:00', '2017-11-02 18:27:00'),
(237, 'https://fwk.e-receptif.com:447/cr.fwk/images/hotels/Section-1873-20120126-050201.jpg', 'product-3-1509654421.jpg', 'true', NULL, 4, '2017-11-02 18:27:01', '2017-11-02 21:45:47'),
(238, 'https://fwk.e-receptif.com:447/cr.fwk/images/hotels/Section-1873-20120126-050229.jpg', 'product-4-1509654423.jpg', 'true', NULL, 4, '2017-11-02 18:27:03', '2017-11-02 21:45:47'),
(239, 'https://fwk.e-receptif.com:447/cr.fwk/images/hotels/Section-1873-20120126-050245.jpg', 'product-5-1509654425.jpg', 'false', NULL, 4, '2017-11-02 18:27:05', '2017-11-02 18:27:05'),
(240, 'https://fwk.e-receptif.com:447/cr.fwk/images/hotels/Section-1873-20120126-050301.jpg', 'product-6-1509654427.jpg', 'true', NULL, 4, '2017-11-02 18:27:07', '2017-11-02 21:45:47'),
(241, 'https://fwk.e-receptif.com:447/cr.fwk/images/hotels/Section-1873-20120126-050316.jpg', 'product-7-1509654428.jpg', 'false', NULL, 4, '2017-11-02 18:27:08', '2017-11-02 18:27:08'),
(242, 'https://fwk.e-receptif.com:447/cr.fwk/images/hotels/Hotel-1873-20170227-025742.jpg', 'product-8-1509654430.jpg', 'false', NULL, 4, '2017-11-02 18:27:10', '2017-11-02 18:27:10'),
(243, 'https://fwk.e-receptif.com:447/cr.fwk/images/hotels/Hotel-1873-20170227-025800.jpg', 'product-9-1509654431.jpg', 'false', NULL, 4, '2017-11-02 18:27:11', '2017-11-02 18:27:11'),
(244, 'https://fwk.e-receptif.com:447/cr.fwk/images/hotels/Section-1807-20120404-111530.JPG', 'product-0-1509654436.jpg', 'false', NULL, 5, '2017-11-02 18:27:16', '2017-11-02 18:27:16'),
(245, 'https://fwk.e-receptif.com:447/cr.fwk/images/hotels/Section-1807-20120207-105519.JPG', 'product-1-1509654438.jpg', 'false', NULL, 5, '2017-11-02 18:27:18', '2017-11-02 18:27:18'),
(246, 'https://fwk.e-receptif.com:447/cr.fwk/images/hotels/Section-1807-20120207-105556.JPG', 'product-2-1509654440.jpg', 'false', NULL, 5, '2017-11-02 18:27:20', '2017-11-02 18:27:20'),
(247, 'https://fwk.e-receptif.com:447/cr.fwk/images/hotels/Section-1807-20120404-111401.JPG', 'product-3-1509654441.jpg', 'false', NULL, 5, '2017-11-02 18:27:21', '2017-11-02 18:27:21'),
(248, 'https://fwk.e-receptif.com:447/cr.fwk/images/hotels/Section-1807-20120207-105800.jpg', 'product-4-1509654443.jpg', 'false', NULL, 5, '2017-11-02 18:27:23', '2017-11-02 18:27:23'),
(249, 'https://fwk.e-receptif.com:447/cr.fwk/images/hotels/Section-1807-20120207-105857.jpg', 'product-5-1509654444.jpg', 'false', NULL, 5, '2017-11-02 18:27:24', '2017-11-02 18:27:24'),
(250, 'https://fwk.e-receptif.com:447/cr.fwk/images/hotels/Section-1807-20120207-110415.jpg', 'product-6-1509654446.jpg', 'false', NULL, 5, '2017-11-02 18:27:26', '2017-11-02 18:27:26'),
(251, 'https://fwk.e-receptif.com:447/cr.fwk/images/hotels/Section-1807-20120207-110528.JPG', 'product-7-1509654447.jpg', 'false', NULL, 5, '2017-11-02 18:27:27', '2017-11-02 18:27:27'),
(252, 'https://fwk.e-receptif.com:447/cr.fwk/images/hotels/Section-3654-20140102-030549.jpg', 'product-0-1509654452.jpg', 'false', NULL, 6, '2017-11-02 18:27:32', '2017-11-02 18:27:32'),
(253, 'https://fwk.e-receptif.com:447/cr.fwk/images/hotels/Section-3654-20140102-030609.jpg', 'product-1-1509654454.jpg', 'false', NULL, 6, '2017-11-02 18:27:34', '2017-11-02 18:27:34'),
(254, 'https://fwk.e-receptif.com:447/cr.fwk/images/hotels/Section-3654-20140102-030713.jpg', 'product-2-1509654456.jpg', 'false', NULL, 6, '2017-11-02 18:27:36', '2017-11-02 18:27:36'),
(255, 'https://fwk.e-receptif.com:447/cr.fwk/images/hotels/Section-3654-20140102-031208.jpg', 'product-3-1509654457.jpg', 'false', NULL, 6, '2017-11-02 18:27:37', '2017-11-02 18:27:37'),
(256, 'https://fwk.e-receptif.com:447/cr.fwk/images/hotels/Section-3654-20140102-031226.jpg', 'product-4-1509654460.jpg', 'false', NULL, 6, '2017-11-02 18:27:40', '2017-11-02 18:27:40'),
(257, 'https://fwk.e-receptif.com:447/cr.fwk/images/hotels/Section-3654-20140102-031234.jpg', 'product-5-1509654461.jpg', 'false', NULL, 6, '2017-11-02 18:27:41', '2017-11-02 18:27:41'),
(258, 'https://fwk.e-receptif.com:447/cr.fwk/images/hotels/Section-3654-20140102-031314.jpg', 'product-6-1509654462.jpg', 'false', NULL, 6, '2017-11-02 18:27:42', '2017-11-02 18:27:42'),
(259, 'https://fwk.e-receptif.com:447/cr.fwk/images/hotels/Section-3654-20140102-031412.jpg', 'product-7-1509654464.jpg', 'false', NULL, 6, '2017-11-02 18:27:44', '2017-11-02 18:27:44'),
(260, 'https://fwk.e-receptif.com:447/cr.fwk/images/hotels/Section-1634-20120206-124640.jpg', 'product-0-1509654468.jpg', 'false', NULL, 7, '2017-11-02 18:27:48', '2017-11-02 18:27:48'),
(261, 'https://fwk.e-receptif.com:447/cr.fwk/images/hotels/Section-1634-20120206-124701.jpg', 'product-1-1509654469.jpg', 'false', NULL, 7, '2017-11-02 18:27:49', '2017-11-02 18:27:49'),
(262, 'https://fwk.e-receptif.com:447/cr.fwk/images/hotels/Section-1634-20120206-124718.jpg', 'product-2-1509654471.jpg', 'false', NULL, 7, '2017-11-02 18:27:51', '2017-11-02 18:27:51'),
(263, 'https://fwk.e-receptif.com:447/cr.fwk/images/hotels/Section-1634-20120206-125139.jpg', 'product-3-1509654472.jpg', 'false', NULL, 7, '2017-11-02 18:27:52', '2017-11-02 18:27:52'),
(265, 'https://fwk.e-receptif.com:447/cr.fwk/images/hotels/Section-1634-20120206-125116.jpg', 'product-5-1509654475.jpg', 'false', NULL, 7, '2017-11-02 18:27:55', '2017-11-02 18:27:55'),
(266, 'https://fwk.e-receptif.com:447/cr.fwk/images/hotels/Section-1634-20120206-125203.jpg', 'product-6-1509654476.jpg', 'false', NULL, 7, '2017-11-02 18:27:56', '2017-11-02 18:27:56'),
(268, 'https://fwk.e-receptif.com:447/cr.fwk/images/hotels/Section-1634-20120206-125235.jpg', 'product-8-1509654479.jpg', 'false', NULL, 7, '2017-11-02 18:27:59', '2017-11-02 18:27:59'),
(269, 'https://fwk.e-receptif.com:447/cr.fwk/images/hotels/Hotel-1733-20161102-114658.jpg', 'product-0-1509654483.jpg', 'false', NULL, 8, '2017-11-02 18:28:03', '2017-11-02 18:28:03'),
(270, 'https://fwk.e-receptif.com:447/cr.fwk/images/hotels/Hotel-1733-20161102-113515.jpg', 'product-1-1509654484.jpg', 'false', NULL, 8, '2017-11-02 18:28:04', '2017-11-02 18:28:04'),
(271, 'https://fwk.e-receptif.com:447/cr.fwk/images/hotels/Hotel-1733-20161102-114724.jpg', 'product-2-1509654485.jpg', 'false', NULL, 8, '2017-11-02 18:28:05', '2017-11-02 18:28:05'),
(273, 'https://fwk.e-receptif.com:447/cr.fwk/images/hotels/Hotel-1733-20161102-114733.jpg', 'product-4-1509654488.jpg', 'false', NULL, 8, '2017-11-02 18:28:08', '2017-11-02 18:28:08'),
(274, 'https://fwk.e-receptif.com:447/cr.fwk/images/hotels/Hotel-1733-20161102-113758.jpg', 'product-5-1509654489.jpg', 'false', NULL, 8, '2017-11-02 18:28:09', '2017-11-02 18:28:09'),
(275, 'https://fwk.e-receptif.com:447/cr.fwk/images/hotels/Hotel-1733-20161102-113841.jpg', 'product-6-1509654491.jpg', 'false', NULL, 8, '2017-11-02 18:28:11', '2017-11-02 18:28:11'),
(276, 'https://fwk.e-receptif.com:447/cr.fwk/images/hotels/Hotel-1733-20161102-114033.jpg', 'product-7-1509654492.jpg', 'false', NULL, 8, '2017-11-02 18:28:12', '2017-11-02 18:28:12'),
(277, 'https://fwk.e-receptif.com:447/cr.fwk/images/hotels/Hotel-1733-20161102-114101.jpg', 'product-8-1509654493.jpg', 'false', NULL, 8, '2017-11-02 18:28:13', '2017-11-02 18:28:13'),
(278, 'https://fwk.e-receptif.com:447/cr.fwk/images/hotels/Hotel-5651-20160729-100421.jpg', 'product-0-1509654498.jpg', 'false', NULL, 9, '2017-11-02 18:28:18', '2017-11-02 18:28:18'),
(279, 'https://fwk.e-receptif.com:447/cr.fwk/images/hotels/Hotel-5651-20160729-100508.jpg', 'product-1-1509654499.jpg', 'false', NULL, 9, '2017-11-02 18:28:19', '2017-11-02 18:28:19'),
(280, 'https://fwk.e-receptif.com:447/cr.fwk/images/hotels/Hotel-5651-20160923-112402.jpg', 'product-2-1509654500.jpg', 'false', NULL, 9, '2017-11-02 18:28:20', '2017-11-02 18:28:20'),
(281, 'https://fwk.e-receptif.com:447/cr.fwk/images/hotels/Hotel-5651-20160729-110141.jpg', 'product-3-1509654502.jpg', 'false', NULL, 9, '2017-11-02 18:28:22', '2017-11-02 18:28:22'),
(282, 'https://fwk.e-receptif.com:447/cr.fwk/images/hotels/Hotel-5651-20160923-112428.jpg', 'product-4-1509654503.jpg', 'false', NULL, 9, '2017-11-02 18:28:23', '2017-11-02 18:28:23'),
(283, 'https://fwk.e-receptif.com:447/cr.fwk/images/hotels/Hotel-5651-20160923-105820.jpg', 'product-5-1509654504.jpg', 'false', NULL, 9, '2017-11-02 18:28:24', '2017-11-02 18:28:24'),
(284, 'https://fwk.e-receptif.com:447/cr.fwk/images/hotels/Hotel-5651-20160923-105835.jpg', 'product-6-1509654506.jpg', 'false', NULL, 9, '2017-11-02 18:28:26', '2017-11-02 18:28:26'),
(285, 'https://fwk.e-receptif.com:447/cr.fwk/images/hotels/Hotel-5651-20160923-105846.jpg', 'product-7-1509654507.jpg', 'false', NULL, 9, '2017-11-02 18:28:27', '2017-11-02 18:28:27'),
(286, 'https://fwk.e-receptif.com:447/cr.fwk/images/hotels/Hotel-5651-20160923-112416.jpg', 'product-8-1509654509.jpg', 'false', NULL, 9, '2017-11-02 18:28:29', '2017-11-02 18:28:29'),
(287, 'https://fwk.e-receptif.com:447/cr.fwk/images/hotels/Hotel-1688-20141001-111930.jpg', 'product-0-1509654513.jpg', 'false', NULL, 10, '2017-11-02 18:28:33', '2017-11-02 18:28:33'),
(288, 'https://fwk.e-receptif.com:447/cr.fwk/images/hotels/Hotel-1688-20141001-112151.jpg', 'product-1-1509654515.jpg', 'false', NULL, 10, '2017-11-02 18:28:35', '2017-11-02 18:28:35'),
(289, 'https://fwk.e-receptif.com:447/cr.fwk/images/hotels/Hotel-1688-20141001-112244.jpg', 'product-2-1509654516.jpg', 'false', NULL, 10, '2017-11-02 18:28:36', '2017-11-02 18:28:36'),
(290, 'https://fwk.e-receptif.com:447/cr.fwk/images/hotels/Hotel-1688-20141001-112309.jpg', 'product-3-1509654518.jpg', 'false', NULL, 10, '2017-11-02 18:28:38', '2017-11-02 18:28:38'),
(291, 'https://fwk.e-receptif.com:447/cr.fwk/images/hotels/Hotel-1688-20141001-112414.jpg', 'product-4-1509654520.jpg', 'false', NULL, 10, '2017-11-02 18:28:40', '2017-11-02 18:28:40'),
(292, 'https://fwk.e-receptif.com:447/cr.fwk/images/hotels/Hotel-1688-20141001-112439.jpg', 'product-5-1509654522.jpg', 'false', NULL, 10, '2017-11-02 18:28:42', '2017-11-02 18:28:42'),
(293, 'https://fwk.e-receptif.com:447/cr.fwk/images/hotels/Hotel-1688-20141001-112507.jpg', 'product-6-1509654523.jpg', 'false', NULL, 10, '2017-11-02 18:28:43', '2017-11-02 18:28:43'),
(294, 'https://fwk.e-receptif.com:447/cr.fwk/images/hotels/Hotel-1688-20160126-095753.jpg', 'product-7-1509654525.jpg', 'false', NULL, 10, '2017-11-02 18:28:45', '2017-11-02 18:28:45'),
(295, 'https://fwk.e-receptif.com:447/cr.fwk/images/hotels/Hotel-1876-20160720-031316.jpg', 'product-0-1509654528.jpg', 'false', NULL, 11, '2017-11-02 18:28:48', '2017-11-02 18:28:48'),
(296, 'https://fwk.e-receptif.com:447/cr.fwk/images/hotels/Hotel-1876-20160720-031333.jpg', 'product-1-1509654530.jpg', 'false', NULL, 11, '2017-11-02 18:28:50', '2017-11-02 18:28:50'),
(297, 'https://fwk.e-receptif.com:447/cr.fwk/images/hotels/Hotel-1876-20150522-031625.jpg', 'product-2-1509654531.jpg', 'false', NULL, 11, '2017-11-02 18:28:51', '2017-11-02 18:28:51'),
(298, 'https://fwk.e-receptif.com:447/cr.fwk/images/hotels/Hotel-1876-20150819-090130.jpg', 'product-3-1509654533.jpg', 'false', NULL, 11, '2017-11-02 18:28:53', '2017-11-02 18:28:53'),
(299, 'https://fwk.e-receptif.com:447/cr.fwk/images/hotels/Hotel-1876-20150522-031645.jpg', 'product-4-1509654534.jpg', 'false', NULL, 11, '2017-11-02 18:28:54', '2017-11-02 18:28:54'),
(300, 'https://fwk.e-receptif.com:447/cr.fwk/images/hotels/Hotel-1876-20160107-121015.jpg', 'product-5-1509654536.jpg', 'false', NULL, 11, '2017-11-02 18:28:56', '2017-11-02 18:28:56'),
(301, 'https://fwk.e-receptif.com:447/cr.fwk/images/hotels/Hotel-1876-20160107-121139.jpg', 'product-6-1509654538.jpg', 'false', NULL, 11, '2017-11-02 18:28:58', '2017-11-02 18:28:58'),
(302, 'https://fwk.e-receptif.com:447/cr.fwk/images/hotels/Hotel-1876-20160107-121148.jpg', 'product-7-1509654540.jpg', 'false', NULL, 11, '2017-11-02 18:29:00', '2017-11-02 18:29:00'),
(303, 'https://fwk.e-receptif.com:447/cr.fwk/images/hotels/Hotel-1876-20160720-031404.jpg', 'product-8-1509654541.jpg', 'false', NULL, 11, '2017-11-02 18:29:01', '2017-11-02 18:29:01'),
(304, 'https://fwk.e-receptif.com:447/cr.fwk/images/hotels/Hotel-1876-20160720-031422.jpg', 'product-9-1509654543.jpg', 'false', NULL, 11, '2017-11-02 18:29:03', '2017-11-02 18:29:03'),
(305, 'https://fwk.e-receptif.com:447/cr.fwk/images/hotels/Hotel-1876-20160720-031431.jpg', 'product-10-1509654544.jpg', 'false', NULL, 11, '2017-11-02 18:29:04', '2017-11-02 18:29:04'),
(306, 'https://fwk.e-receptif.com:447/cr.fwk/images/hotels/Hotel-1876-20160720-031440.jpg', 'product-11-1509654546.jpg', 'false', NULL, 11, '2017-11-02 18:29:06', '2017-11-02 18:29:06'),
(307, 'https://fwk.e-receptif.com:447/cr.fwk/images/hotels/Section-1581-20120217-031340.jpg', 'product-0-1509654551.jpg', 'false', NULL, 12, '2017-11-02 18:29:11', '2017-11-02 18:29:11'),
(308, 'https://fwk.e-receptif.com:447/cr.fwk/images/hotels/Section-1581-20120217-031404.jpg', 'product-1-1509654552.jpg', 'false', NULL, 12, '2017-11-02 18:29:12', '2017-11-02 18:29:12'),
(309, 'https://fwk.e-receptif.com:447/cr.fwk/images/hotels/Hotel-1581-20170125-092317.jpg', 'product-2-1509654554.jpg', 'false', NULL, 12, '2017-11-02 18:29:14', '2017-11-02 18:29:14'),
(310, 'https://fwk.e-receptif.com:447/cr.fwk/images/hotels/Hotel-1581-20170125-092437.jpg', 'product-3-1509654556.jpg', 'false', NULL, 12, '2017-11-02 18:29:16', '2017-11-02 18:29:16'),
(311, 'https://fwk.e-receptif.com:447/cr.fwk/images/hotels/Section-1581-20120217-031454.jpg', 'product-4-1509654557.jpg', 'false', NULL, 12, '2017-11-02 18:29:17', '2017-11-02 18:29:17'),
(312, 'https://fwk.e-receptif.com:447/cr.fwk/images/hotels/Hotel-1581-20170125-092336.jpg', 'product-5-1509654559.jpg', 'false', NULL, 12, '2017-11-02 18:29:19', '2017-11-02 18:29:19'),
(313, 'https://fwk.e-receptif.com:447/cr.fwk/images/hotels/Section-1581-20120217-031611.jpg', 'product-6-1509654560.jpg', 'false', NULL, 12, '2017-11-02 18:29:20', '2017-11-02 18:29:20'),
(314, 'https://fwk.e-receptif.com:447/cr.fwk/images/hotels/Hotel-1581-20160126-095619.jpg', 'product-7-1509654561.jpg', 'false', NULL, 12, '2017-11-02 18:29:21', '2017-11-02 18:29:21'),
(315, 'https://fwk.e-receptif.com:447/cr.fwk/images/hotels/Section-1834-20130617-103434.jpg', 'product-0-1509654565.jpg', 'false', NULL, 13, '2017-11-02 18:29:25', '2017-11-02 18:29:25'),
(316, 'https://fwk.e-receptif.com:447/cr.fwk/images/hotels/Section-1834-20130617-103444.jpg', 'product-1-1509654566.jpg', 'false', NULL, 13, '2017-11-02 18:29:26', '2017-11-02 18:29:26'),
(317, 'https://fwk.e-receptif.com:447/cr.fwk/images/hotels/Section-1834-20130617-103453.jpg', 'product-2-1509654567.jpg', 'false', NULL, 13, '2017-11-02 18:29:27', '2017-11-02 18:29:27'),
(318, 'https://fwk.e-receptif.com:447/cr.fwk/images/hotels/Section-1834-20130617-103541.jpg', 'product-3-1509654569.jpg', 'false', NULL, 13, '2017-11-02 18:29:29', '2017-11-02 18:29:29'),
(319, 'https://fwk.e-receptif.com:447/cr.fwk/images/hotels/Hotel-1834-20160107-115328.jpg', 'product-4-1509654570.jpg', 'false', NULL, 13, '2017-11-02 18:29:30', '2017-11-02 18:29:30'),
(320, 'https://fwk.e-receptif.com:447/cr.fwk/images/hotels/Hotel-1834-20160107-115346.jpg', 'product-5-1509654572.jpg', 'false', NULL, 13, '2017-11-02 18:29:32', '2017-11-02 18:29:32'),
(321, 'https://fwk.e-receptif.com:447/cr.fwk/images/hotels/Hotel-1834-20160107-115357.jpg', 'product-6-1509654574.jpg', 'false', NULL, 13, '2017-11-02 18:29:34', '2017-11-02 18:29:34'),
(322, 'https://fwk.e-receptif.com:447/cr.fwk/images/hotels/Hotel-1834-20160107-115442.jpg', 'product-7-1509654579.jpg', 'false', NULL, 13, '2017-11-02 18:29:39', '2017-11-02 18:29:39'),
(323, 'https://fwk.e-receptif.com:447/cr.fwk/images/hotels/Hotel-1988-20170308-105626.jpg', 'product-0-1509654588.jpg', 'false', NULL, 14, '2017-11-02 18:29:48', '2017-11-02 18:29:48'),
(324, 'https://fwk.e-receptif.com:447/cr.fwk/images/hotels/Hotel-1988-20170308-105635.jpg', 'product-1-1509654590.jpg', 'false', NULL, 14, '2017-11-02 18:29:50', '2017-11-02 18:29:50'),
(325, 'https://fwk.e-receptif.com:447/cr.fwk/images/hotels/Hotel-1988-20170308-105653.jpg', 'product-2-1509654592.jpg', 'false', NULL, 14, '2017-11-02 18:29:52', '2017-11-02 18:29:52'),
(326, 'https://fwk.e-receptif.com:447/cr.fwk/images/hotels/Hotel-1988-20170308-110124.jpg', 'product-3-1509654594.jpg', 'false', NULL, 14, '2017-11-02 18:29:54', '2017-11-02 18:29:54'),
(327, 'https://fwk.e-receptif.com:447/cr.fwk/images/hotels/Hotel-1988-20170308-110111.jpg', 'product-4-1509654599.jpg', 'false', NULL, 14, '2017-11-02 18:29:59', '2017-11-02 18:29:59'),
(328, 'https://fwk.e-receptif.com:447/cr.fwk/images/hotels/Hotel-1988-20170308-110058.jpg', 'product-5-1509654603.jpg', 'false', NULL, 14, '2017-11-02 18:30:03', '2017-11-02 18:30:03'),
(329, 'https://fwk.e-receptif.com:447/cr.fwk/images/hotels/Hotel-1988-20170308-110133.jpg', 'product-6-1509654606.jpg', 'false', NULL, 14, '2017-11-02 18:30:06', '2017-11-02 18:30:06'),
(330, 'https://fwk.e-receptif.com:447/cr.fwk/images/hotels/Hotel-1988-20170308-110143.jpg', 'product-7-1509654608.jpg', 'false', NULL, 14, '2017-11-02 18:30:08', '2017-11-02 18:30:08'),
(331, 'https://fwk.e-receptif.com:447/cr.fwk/images/hotels/Section-2117-20120203-035230.jpg', 'product-0-1509654615.jpg', 'false', NULL, 15, '2017-11-02 18:30:15', '2017-11-02 18:30:15'),
(332, 'https://fwk.e-receptif.com:447/cr.fwk/images/hotels/Section-2117-20120203-035300.JPG', 'product-1-1509654617.jpg', 'false', NULL, 15, '2017-11-02 18:30:17', '2017-11-02 18:30:17'),
(333, 'https://fwk.e-receptif.com:447/cr.fwk/images/hotels/Section-2117-20120203-035315.jpg', 'product-2-1509654618.jpg', 'false', NULL, 15, '2017-11-02 18:30:18', '2017-11-02 18:30:18'),
(334, 'https://fwk.e-receptif.com:447/cr.fwk/images/hotels/Section-2117-20120203-035331.jpg', 'product-3-1509654620.jpg', 'false', NULL, 15, '2017-11-02 18:30:20', '2017-11-02 18:30:20'),
(335, 'https://fwk.e-receptif.com:447/cr.fwk/images/hotels/Section-2117-20120203-035350.JPG', 'product-4-1509654621.jpg', 'false', NULL, 15, '2017-11-02 18:30:21', '2017-11-02 18:30:21'),
(336, 'https://fwk.e-receptif.com:447/cr.fwk/images/hotels/Section-2117-20120203-035414.jpg', 'product-5-1509654624.jpg', 'false', NULL, 15, '2017-11-02 18:30:24', '2017-11-02 18:30:24'),
(337, 'https://fwk.e-receptif.com:447/cr.fwk/images/hotels/Section-2117-20120203-035434.jpg', 'product-6-1509654627.jpg', 'false', NULL, 15, '2017-11-02 18:30:27', '2017-11-02 18:30:27'),
(338, 'https://fwk.e-receptif.com:447/cr.fwk/images/hotels/Hotel-2117-20160126-100813.jpg', 'product-7-1509654628.jpg', 'false', NULL, 15, '2017-11-02 18:30:28', '2017-11-02 18:30:28'),
(339, 'https://fwk.e-receptif.com:447/cr.fwk/images/hotels/Hotel-3987-20160713-093359.jpg', 'product-0-1509654638.jpg', 'true', NULL, 16, '2017-11-02 18:30:38', '2017-11-02 22:23:42'),
(340, 'https://fwk.e-receptif.com:447/cr.fwk/images/hotels/Hotel-3987-20160713-093407.jpg', 'product-1-1509654643.jpg', 'true', NULL, 16, '2017-11-02 18:30:43', '2017-11-02 22:23:42'),
(341, 'https://fwk.e-receptif.com:447/cr.fwk/images/hotels/Hotel-3987-20160404-093952.jpg', 'product-2-1509654647.jpg', 'false', NULL, 16, '2017-11-02 18:30:47', '2017-11-02 18:30:47'),
(342, 'https://fwk.e-receptif.com:447/cr.fwk/images/hotels/Hotel-3987-20160404-094031.jpg', 'product-3-1509654649.jpg', 'false', NULL, 16, '2017-11-02 18:30:49', '2017-11-02 18:30:49'),
(343, 'https://fwk.e-receptif.com:447/cr.fwk/images/hotels/Hotel-3987-20160404-111801.jpg', 'product-4-1509654651.jpg', 'false', NULL, 16, '2017-11-02 18:30:51', '2017-11-02 18:30:51'),
(345, '', '1509660631.png', 'true', NULL, 2, '2017-11-02 20:10:32', '2017-11-02 20:10:32'),
(346, 'https://fwk.e-receptif.com:447/cr.fwk/images/products/Product-5728-20160917-115028.jpg', 'product-0-1509705640.jpg', 'false', 12, NULL, '2017-11-03 08:40:40', '2017-11-03 08:40:40'),
(347, 'https://fwk.e-receptif.com:447/cr.fwk/images/products/Product-5728-20160917-115035.jpg', 'product-1-1509705641.jpg', 'false', 12, NULL, '2017-11-03 08:40:41', '2017-11-03 08:40:41'),
(348, 'https://fwk.e-receptif.com:447/cr.fwk/images/products/Product-5728-20160917-115042.jpg', 'product-2-1509705642.jpg', 'false', 12, NULL, '2017-11-03 08:40:42', '2017-11-03 08:40:42'),
(349, 'https://fwk.e-receptif.com:447/cr.fwk/images/products/Product-5728-20160917-122514.jpg', 'product-3-1509705643.jpg', 'false', 12, NULL, '2017-11-03 08:40:43', '2017-11-03 08:40:43'),
(350, 'https://fwk.e-receptif.com:447/cr.fwk/images/products/Product-5728-20160917-122525.jpg', 'product-4-1509705644.jpg', 'false', 12, NULL, '2017-11-03 08:40:44', '2017-11-03 08:40:44'),
(351, 'https://fwk.e-receptif.com:447/cr.fwk/images/products/Product-5728-20160917-122540.jpg', 'product-5-1509705645.jpg', 'false', 12, NULL, '2017-11-03 08:40:45', '2017-11-03 08:40:45'),
(352, 'https://fwk.e-receptif.com:447/cr.fwk/images/products/Product-5727-20160916-125302.jpg', 'product-0-1509705648.jpg', 'false', 13, NULL, '2017-11-03 08:40:48', '2017-11-03 08:40:48'),
(353, 'https://fwk.e-receptif.com:447/cr.fwk/images/products/Product-5727-20160916-125310.jpg', 'product-1-1509705649.jpg', 'false', 13, NULL, '2017-11-03 08:40:49', '2017-11-03 08:40:49'),
(354, 'https://fwk.e-receptif.com:447/cr.fwk/images/products/Product-5727-20160916-125318.jpg', 'product-2-1509705650.jpg', 'false', 13, NULL, '2017-11-03 08:40:50', '2017-11-03 08:40:50'),
(355, 'https://fwk.e-receptif.com:447/cr.fwk/images/products/Product-5727-20160916-125326.jpg', 'product-3-1509705651.jpg', 'false', 13, NULL, '2017-11-03 08:40:51', '2017-11-03 08:40:51'),
(356, 'https://fwk.e-receptif.com:447/cr.fwk/images/products/Product-5727-20160916-125338.jpg', 'product-4-1509705652.jpg', 'false', 13, NULL, '2017-11-03 08:40:52', '2017-11-03 08:40:52'),
(357, 'https://fwk.e-receptif.com:447/cr.fwk/images/products/Product-5727-20160916-125349.jpg', 'product-5-1509705654.jpg', 'false', 13, NULL, '2017-11-03 08:40:54', '2017-11-03 08:40:54'),
(358, 'https://fwk.e-receptif.com:447/cr.fwk/images/products/Product-5726-20160916-123028.jpg', 'product-0-1509705656.jpg', 'false', 14, NULL, '2017-11-03 08:40:56', '2017-11-03 08:40:56'),
(359, 'https://fwk.e-receptif.com:447/cr.fwk/images/products/Product-5726-20160916-123036.jpg', 'product-1-1509705657.jpg', 'false', 14, NULL, '2017-11-03 08:40:57', '2017-11-03 08:40:57'),
(360, 'https://fwk.e-receptif.com:447/cr.fwk/images/products/Product-5726-20160916-123045.jpg', 'product-2-1509705658.jpg', 'false', 14, NULL, '2017-11-03 08:40:58', '2017-11-03 08:40:58'),
(361, 'https://fwk.e-receptif.com:447/cr.fwk/images/products/Product-5726-20160916-123109.jpg', 'product-3-1509705659.jpg', 'false', 14, NULL, '2017-11-03 08:40:59', '2017-11-03 08:40:59'),
(362, 'https://fwk.e-receptif.com:447/cr.fwk/images/products/Product-5726-20160916-123117.jpeg', 'product-4-1509705660.jpg', 'false', 14, NULL, '2017-11-03 08:41:00', '2017-11-03 08:41:00'),
(363, 'https://fwk.e-receptif.com:447/cr.fwk/images/products/Product-5726-20160916-123542.jpg', 'product-5-1509705662.jpg', 'false', 14, NULL, '2017-11-03 08:41:02', '2017-11-03 08:41:02'),
(364, 'https://fwk.e-receptif.com:447/cr.fwk/images/products/Product-6288-20170928-115640.jpg', 'product-0-1509705664.jpg', 'false', 15, NULL, '2017-11-03 08:41:04', '2017-11-03 08:41:04'),
(365, 'https://fwk.e-receptif.com:447/cr.fwk/images/products/Product-6288-20170928-115647.jpg', 'product-1-1509705665.jpg', 'false', 15, NULL, '2017-11-03 08:41:05', '2017-11-03 08:41:05'),
(366, 'https://fwk.e-receptif.com:447/cr.fwk/images/products/Product-6288-20170928-115656.jpg', 'product-2-1509705667.jpg', 'false', 15, NULL, '2017-11-03 08:41:07', '2017-11-03 08:41:07'),
(367, 'https://fwk.e-receptif.com:447/cr.fwk/images/products/Product-6288-20170928-115703.jpg', 'product-3-1509705668.jpg', 'false', 15, NULL, '2017-11-03 08:41:08', '2017-11-03 08:41:08'),
(368, 'https://fwk.e-receptif.com:447/cr.fwk/images/products/Product-6288-20170928-115711.jpg', 'product-4-1509705669.jpg', 'true', 15, NULL, '2017-11-03 08:41:09', '2017-11-07 10:00:54'),
(369, 'https://fwk.e-receptif.com:447/cr.fwk/images/products/Product-6288-20170928-115720.jpg', 'product-5-1509705670.jpg', 'true', 15, NULL, '2017-11-03 08:41:10', '2017-11-07 10:00:54'),
(370, 'https://fwk.e-receptif.com:447/cr.fwk/images/products/Product-6288-20170928-115727.jpg', 'product-6-1509705672.jpg', 'false', 15, NULL, '2017-11-03 08:41:12', '2017-11-03 08:41:12'),
(371, 'https://fwk.e-receptif.com:447/cr.fwk/images/products/Product-6288-20170928-115735.jpg', 'product-7-1509705673.jpg', 'true', 15, NULL, '2017-11-03 08:41:13', '2017-11-07 10:00:54'),
(372, 'https://fwk.e-receptif.com:447/cr.fwk/images/hotels/Section-727-20120223-084650.jpg', 'product-0-1510052227.jpg', 'false', NULL, 2, '2017-11-07 09:57:07', '2017-11-07 09:57:07'),
(373, 'https://fwk.e-receptif.com:447/cr.fwk/images/hotels/Section-727-20120223-084703.jpg', 'product-1-1510052227.jpg', 'false', NULL, 2, '2017-11-07 09:57:07', '2017-11-07 09:57:07'),
(374, 'https://fwk.e-receptif.com:447/cr.fwk/images/hotels/Section-727-20120223-084719.jpg', 'product-2-1510052227.jpg', 'false', NULL, 2, '2017-11-07 09:57:07', '2017-11-07 09:57:07'),
(375, 'https://fwk.e-receptif.com:447/cr.fwk/images/hotels/Section-727-20120223-084805.jpg', 'product-3-1510052228.jpg', 'false', NULL, 2, '2017-11-07 09:57:08', '2017-11-07 09:57:08'),
(376, 'https://fwk.e-receptif.com:447/cr.fwk/images/hotels/Section-727-20120223-085017.jpg', 'product-4-1510052229.jpg', 'false', NULL, 2, '2017-11-07 09:57:09', '2017-11-07 09:57:09'),
(377, 'https://fwk.e-receptif.com:447/cr.fwk/images/hotels/Section-727-20120223-085041.jpg', 'product-5-1510052229.jpg', 'false', NULL, 2, '2017-11-07 09:57:09', '2017-11-07 09:57:09'),
(378, 'https://fwk.e-receptif.com:447/cr.fwk/images/hotels/Section-727-20120223-085121.jpg', 'product-6-1510052230.jpg', 'false', NULL, 2, '2017-11-07 09:57:10', '2017-11-07 09:57:10'),
(379, 'https://fwk.e-receptif.com:447/cr.fwk/images/hotels/Hotel-727-20150716-015903.jpg', 'product-7-1510052230.jpg', 'false', NULL, 2, '2017-11-07 09:57:10', '2017-11-07 09:57:10'),
(380, 'https://fwk.e-receptif.com:447/cr.fwk/images/hotels/Section-1873-20120126-050120.jpg', 'product-0-1510052232.jpg', 'false', NULL, 4, '2017-11-07 09:57:12', '2017-11-07 09:57:12'),
(381, 'https://fwk.e-receptif.com:447/cr.fwk/images/hotels/Hotel-1873-20170227-025721.jpg', 'product-1-1510052232.jpg', 'false', NULL, 4, '2017-11-07 09:57:12', '2017-11-07 09:57:12'),
(382, 'https://fwk.e-receptif.com:447/cr.fwk/images/hotels/Section-1873-20120126-050150.jpg', 'product-2-1510052233.jpg', 'false', NULL, 4, '2017-11-07 09:57:13', '2017-11-07 09:57:13'),
(383, 'https://fwk.e-receptif.com:447/cr.fwk/images/hotels/Section-1873-20120126-050201.jpg', 'product-3-1510052233.jpg', 'false', NULL, 4, '2017-11-07 09:57:13', '2017-11-07 09:57:13'),
(384, 'https://fwk.e-receptif.com:447/cr.fwk/images/hotels/Section-1873-20120126-050229.jpg', 'product-4-1510052234.jpg', 'false', NULL, 4, '2017-11-07 09:57:14', '2017-11-07 09:57:14'),
(385, 'https://fwk.e-receptif.com:447/cr.fwk/images/hotels/Section-1873-20120126-050245.jpg', 'product-5-1510052234.jpg', 'false', NULL, 4, '2017-11-07 09:57:14', '2017-11-07 09:57:14'),
(386, 'https://fwk.e-receptif.com:447/cr.fwk/images/hotels/Section-1873-20120126-050301.jpg', 'product-6-1510052235.jpg', 'false', NULL, 4, '2017-11-07 09:57:15', '2017-11-07 09:57:15'),
(387, 'https://fwk.e-receptif.com:447/cr.fwk/images/hotels/Section-1873-20120126-050316.jpg', 'product-7-1510052235.jpg', 'false', NULL, 4, '2017-11-07 09:57:15', '2017-11-07 09:57:15'),
(388, 'https://fwk.e-receptif.com:447/cr.fwk/images/hotels/Hotel-1873-20170227-025742.jpg', 'product-8-1510052236.jpg', 'false', NULL, 4, '2017-11-07 09:57:16', '2017-11-07 09:57:16'),
(389, 'https://fwk.e-receptif.com:447/cr.fwk/images/hotels/Hotel-1873-20170227-025800.jpg', 'product-9-1510052236.jpg', 'false', NULL, 4, '2017-11-07 09:57:16', '2017-11-07 09:57:16'),
(390, 'https://fwk.e-receptif.com:447/cr.fwk/images/hotels/Section-1845-20120203-120101.JPG', 'product-0-1510052237.jpg', 'false', NULL, 17, '2017-11-07 09:57:17', '2017-11-07 09:57:17'),
(391, 'https://fwk.e-receptif.com:447/cr.fwk/images/hotels/Section-1845-20120203-120122.JPG', 'product-1-1510052238.jpg', 'false', NULL, 17, '2017-11-07 09:57:18', '2017-11-07 09:57:18'),
(392, 'https://fwk.e-receptif.com:447/cr.fwk/images/hotels/Section-1845-20120203-120143.jpg', 'product-2-1510052238.jpg', 'false', NULL, 17, '2017-11-07 09:57:18', '2017-11-07 09:57:18'),
(393, 'https://fwk.e-receptif.com:447/cr.fwk/images/hotels/Section-1845-20120203-120201.JPG', 'product-3-1510052239.jpg', 'false', NULL, 17, '2017-11-07 09:57:19', '2017-11-07 09:57:19'),
(394, 'https://fwk.e-receptif.com:447/cr.fwk/images/hotels/Section-1845-20120203-120231.jpg', 'product-4-1510052239.jpg', 'false', NULL, 17, '2017-11-07 09:57:19', '2017-11-07 09:57:19'),
(395, 'https://fwk.e-receptif.com:447/cr.fwk/images/hotels/Section-1845-20120203-120251.JPG', 'product-5-1510052239.jpg', 'false', NULL, 17, '2017-11-07 09:57:19', '2017-11-07 09:57:19'),
(396, 'https://fwk.e-receptif.com:447/cr.fwk/images/hotels/Section-1845-20120203-120324.JPG', 'product-6-1510052240.jpg', 'false', NULL, 17, '2017-11-07 09:57:20', '2017-11-07 09:57:20'),
(397, 'https://fwk.e-receptif.com:447/cr.fwk/images/hotels/Section-1845-20120203-120351.jpg', 'product-7-1510052241.jpg', 'false', NULL, 17, '2017-11-07 09:57:21', '2017-11-07 09:57:21'),
(398, 'https://fwk.e-receptif.com:447/cr.fwk/images/hotels/Hotel-1876-20160720-031316.jpg', 'product-0-1510052242.jpg', 'false', NULL, 11, '2017-11-07 09:57:22', '2017-11-07 09:57:22'),
(399, 'https://fwk.e-receptif.com:447/cr.fwk/images/hotels/Hotel-1876-20160720-031333.jpg', 'product-1-1510052243.jpg', 'false', NULL, 11, '2017-11-07 09:57:23', '2017-11-07 09:57:23'),
(400, 'https://fwk.e-receptif.com:447/cr.fwk/images/hotels/Hotel-1876-20150522-031625.jpg', 'product-2-1510052243.jpg', 'false', NULL, 11, '2017-11-07 09:57:23', '2017-11-07 09:57:23'),
(401, 'https://fwk.e-receptif.com:447/cr.fwk/images/hotels/Hotel-1876-20150819-090130.jpg', 'product-3-1510052244.jpg', 'false', NULL, 11, '2017-11-07 09:57:24', '2017-11-07 09:57:24'),
(402, 'https://fwk.e-receptif.com:447/cr.fwk/images/hotels/Hotel-1876-20150522-031645.jpg', 'product-4-1510052244.jpg', 'false', NULL, 11, '2017-11-07 09:57:24', '2017-11-07 09:57:24'),
(403, 'https://fwk.e-receptif.com:447/cr.fwk/images/hotels/Hotel-1876-20160107-121015.jpg', 'product-5-1510052245.jpg', 'false', NULL, 11, '2017-11-07 09:57:25', '2017-11-07 09:57:25'),
(404, 'https://fwk.e-receptif.com:447/cr.fwk/images/hotels/Hotel-1876-20160107-121139.jpg', 'product-6-1510052245.jpg', 'false', NULL, 11, '2017-11-07 09:57:25', '2017-11-07 09:57:25'),
(405, 'https://fwk.e-receptif.com:447/cr.fwk/images/hotels/Hotel-1876-20160107-121148.jpg', 'product-7-1510052246.jpg', 'false', NULL, 11, '2017-11-07 09:57:26', '2017-11-07 09:57:26'),
(406, 'https://fwk.e-receptif.com:447/cr.fwk/images/hotels/Hotel-1876-20160720-031404.jpg', 'product-8-1510052246.jpg', 'false', NULL, 11, '2017-11-07 09:57:26', '2017-11-07 09:57:26'),
(407, 'https://fwk.e-receptif.com:447/cr.fwk/images/hotels/Hotel-1876-20160720-031422.jpg', 'product-9-1510052247.jpg', 'false', NULL, 11, '2017-11-07 09:57:27', '2017-11-07 09:57:27'),
(408, 'https://fwk.e-receptif.com:447/cr.fwk/images/hotels/Hotel-1876-20160720-031431.jpg', 'product-10-1510052247.jpg', 'false', NULL, 11, '2017-11-07 09:57:27', '2017-11-07 09:57:27'),
(409, 'https://fwk.e-receptif.com:447/cr.fwk/images/hotels/Hotel-1876-20160720-031440.jpg', 'product-11-1510052248.jpg', 'false', NULL, 11, '2017-11-07 09:57:28', '2017-11-07 09:57:28'),
(410, 'https://fwk.e-receptif.com:447/cr.fwk/images/hotels/Section-737-20120203-051758.jpg', 'product-0-1510052249.jpg', 'false', NULL, 3, '2017-11-07 09:57:29', '2017-11-07 09:57:29'),
(411, 'https://fwk.e-receptif.com:447/cr.fwk/images/hotels/Section-737-20120203-051819.jpg', 'product-1-1510052250.jpg', 'false', NULL, 3, '2017-11-07 09:57:30', '2017-11-07 09:57:30'),
(412, '', '1510052445.png', 'true', 15, NULL, '2017-11-07 10:00:45', '2017-11-07 10:00:45');
INSERT INTO `images` (`id`, `url`, `local`, `validate`, `destination_id`, `hotel_id`, `created_at`, `updated_at`) VALUES
(413, '', '1510053662.jpg', 'true', NULL, 2, '2017-11-07 10:21:02', '2017-11-07 10:21:02'),
(414, 'https://fwk.e-receptif.com:447/cr.fwk/images/hotels/Section-727-20120223-084650.jpg', 'product-0-1510080252.jpg', 'false', NULL, 2, '2017-11-07 17:44:12', '2017-11-07 17:44:12'),
(415, 'https://fwk.e-receptif.com:447/cr.fwk/images/hotels/Section-727-20120223-084703.jpg', 'product-1-1510080253.jpg', 'false', NULL, 2, '2017-11-07 17:44:13', '2017-11-07 17:44:13'),
(416, 'https://fwk.e-receptif.com:447/cr.fwk/images/hotels/Section-727-20120223-084719.jpg', 'product-2-1510080254.jpg', 'false', NULL, 2, '2017-11-07 17:44:14', '2017-11-07 17:44:14'),
(417, 'https://fwk.e-receptif.com:447/cr.fwk/images/hotels/Section-727-20120223-084805.jpg', 'product-3-1510080254.jpg', 'false', NULL, 2, '2017-11-07 17:44:14', '2017-11-07 17:44:14'),
(418, 'https://fwk.e-receptif.com:447/cr.fwk/images/hotels/Section-727-20120223-085017.jpg', 'product-4-1510080255.jpg', 'false', NULL, 2, '2017-11-07 17:44:15', '2017-11-07 17:44:15'),
(419, 'https://fwk.e-receptif.com:447/cr.fwk/images/hotels/Section-727-20120223-085041.jpg', 'product-5-1510080256.jpg', 'false', NULL, 2, '2017-11-07 17:44:16', '2017-11-07 17:44:16'),
(420, 'https://fwk.e-receptif.com:447/cr.fwk/images/hotels/Section-727-20120223-085121.jpg', 'product-6-1510080257.jpg', 'false', NULL, 2, '2017-11-07 17:44:17', '2017-11-07 17:44:17'),
(421, 'https://fwk.e-receptif.com:447/cr.fwk/images/hotels/Hotel-727-20150716-015903.jpg', 'product-7-1510080261.jpg', 'false', NULL, 2, '2017-11-07 17:44:21', '2017-11-07 17:44:21'),
(422, 'https://fwk.e-receptif.com:447/cr.fwk/images/hotels/Section-1873-20120126-050120.jpg', 'product-0-1510080264.jpg', 'false', NULL, 4, '2017-11-07 17:44:24', '2017-11-07 17:44:24'),
(423, 'https://fwk.e-receptif.com:447/cr.fwk/images/hotels/Hotel-1873-20170227-025721.jpg', 'product-1-1510080265.jpg', 'false', NULL, 4, '2017-11-07 17:44:25', '2017-11-07 17:44:25'),
(424, 'https://fwk.e-receptif.com:447/cr.fwk/images/hotels/Section-1873-20120126-050150.jpg', 'product-2-1510080265.jpg', 'false', NULL, 4, '2017-11-07 17:44:25', '2017-11-07 17:44:25'),
(425, 'https://fwk.e-receptif.com:447/cr.fwk/images/hotels/Section-1873-20120126-050201.jpg', 'product-3-1510080266.jpg', 'false', NULL, 4, '2017-11-07 17:44:26', '2017-11-07 17:44:26'),
(426, 'https://fwk.e-receptif.com:447/cr.fwk/images/hotels/Section-1873-20120126-050229.jpg', 'product-4-1510080267.jpg', 'false', NULL, 4, '2017-11-07 17:44:27', '2017-11-07 17:44:27'),
(427, 'https://fwk.e-receptif.com:447/cr.fwk/images/hotels/Section-1873-20120126-050245.jpg', 'product-5-1510080268.jpg', 'false', NULL, 4, '2017-11-07 17:44:28', '2017-11-07 17:44:28'),
(428, 'https://fwk.e-receptif.com:447/cr.fwk/images/hotels/Section-1873-20120126-050301.jpg', 'product-6-1510080269.jpg', 'false', NULL, 4, '2017-11-07 17:44:29', '2017-11-07 17:44:29'),
(429, 'https://fwk.e-receptif.com:447/cr.fwk/images/hotels/Section-1873-20120126-050316.jpg', 'product-7-1510080270.jpg', 'false', NULL, 4, '2017-11-07 17:44:30', '2017-11-07 17:44:30'),
(430, 'https://fwk.e-receptif.com:447/cr.fwk/images/hotels/Hotel-1873-20170227-025742.jpg', 'product-8-1510080271.jpg', 'false', NULL, 4, '2017-11-07 17:44:31', '2017-11-07 17:44:31'),
(431, 'https://fwk.e-receptif.com:447/cr.fwk/images/hotels/Hotel-1873-20170227-025800.jpg', 'product-9-1510080272.jpg', 'false', NULL, 4, '2017-11-07 17:44:32', '2017-11-07 17:44:32'),
(432, 'https://fwk.e-receptif.com:447/cr.fwk/images/hotels/Section-1845-20120203-120101.JPG', 'product-0-1510080274.jpg', 'false', NULL, 17, '2017-11-07 17:44:34', '2017-11-07 17:44:34'),
(433, 'https://fwk.e-receptif.com:447/cr.fwk/images/hotels/Section-1845-20120203-120122.JPG', 'product-1-1510080274.jpg', 'false', NULL, 17, '2017-11-07 17:44:34', '2017-11-07 17:44:34'),
(434, 'https://fwk.e-receptif.com:447/cr.fwk/images/hotels/Section-1845-20120203-120143.jpg', 'product-2-1510080275.jpg', 'false', NULL, 17, '2017-11-07 17:44:35', '2017-11-07 17:44:35'),
(435, 'https://fwk.e-receptif.com:447/cr.fwk/images/hotels/Section-1845-20120203-120201.JPG', 'product-3-1510080276.jpg', 'false', NULL, 17, '2017-11-07 17:44:36', '2017-11-07 17:44:36'),
(436, 'https://fwk.e-receptif.com:447/cr.fwk/images/hotels/Section-1845-20120203-120231.jpg', 'product-4-1510080277.jpg', 'false', NULL, 17, '2017-11-07 17:44:37', '2017-11-07 17:44:37'),
(437, 'https://fwk.e-receptif.com:447/cr.fwk/images/hotels/Section-1845-20120203-120251.JPG', 'product-5-1510080279.jpg', 'false', NULL, 17, '2017-11-07 17:44:39', '2017-11-07 17:44:39'),
(438, 'https://fwk.e-receptif.com:447/cr.fwk/images/hotels/Section-1845-20120203-120324.JPG', 'product-6-1510080279.jpg', 'false', NULL, 17, '2017-11-07 17:44:39', '2017-11-07 17:44:39'),
(439, 'https://fwk.e-receptif.com:447/cr.fwk/images/hotels/Section-1845-20120203-120351.jpg', 'product-7-1510080280.jpg', 'false', NULL, 17, '2017-11-07 17:44:40', '2017-11-07 17:44:40'),
(440, 'https://fwk.e-receptif.com:447/cr.fwk/images/hotels/Hotel-1876-20160720-031316.jpg', 'product-0-1510080283.jpg', 'false', NULL, 11, '2017-11-07 17:44:43', '2017-11-07 17:44:43'),
(441, 'https://fwk.e-receptif.com:447/cr.fwk/images/hotels/Hotel-1876-20160720-031333.jpg', 'product-1-1510080285.jpg', 'false', NULL, 11, '2017-11-07 17:44:45', '2017-11-07 17:44:45'),
(442, 'https://fwk.e-receptif.com:447/cr.fwk/images/hotels/Hotel-1876-20150522-031625.jpg', 'product-2-1510080286.jpg', 'false', NULL, 11, '2017-11-07 17:44:46', '2017-11-07 17:44:46'),
(443, 'https://fwk.e-receptif.com:447/cr.fwk/images/hotels/Hotel-1876-20150819-090130.jpg', 'product-3-1510080287.jpg', 'false', NULL, 11, '2017-11-07 17:44:47', '2017-11-07 17:44:47'),
(444, 'https://fwk.e-receptif.com:447/cr.fwk/images/hotels/Hotel-1876-20150522-031645.jpg', 'product-4-1510080288.jpg', 'false', NULL, 11, '2017-11-07 17:44:48', '2017-11-07 17:44:48'),
(445, 'https://fwk.e-receptif.com:447/cr.fwk/images/hotels/Hotel-1876-20160107-121015.jpg', 'product-5-1510080289.jpg', 'false', NULL, 11, '2017-11-07 17:44:49', '2017-11-07 17:44:49'),
(446, 'https://fwk.e-receptif.com:447/cr.fwk/images/hotels/Hotel-1876-20160107-121139.jpg', 'product-6-1510080289.jpg', 'false', NULL, 11, '2017-11-07 17:44:49', '2017-11-07 17:44:49'),
(447, 'https://fwk.e-receptif.com:447/cr.fwk/images/hotels/Hotel-1876-20160107-121148.jpg', 'product-7-1510080290.jpg', 'false', NULL, 11, '2017-11-07 17:44:50', '2017-11-07 17:44:50'),
(448, 'https://fwk.e-receptif.com:447/cr.fwk/images/hotels/Hotel-1876-20160720-031404.jpg', 'product-8-1510080291.jpg', 'false', NULL, 11, '2017-11-07 17:44:51', '2017-11-07 17:44:51'),
(449, 'https://fwk.e-receptif.com:447/cr.fwk/images/hotels/Hotel-1876-20160720-031422.jpg', 'product-9-1510080292.jpg', 'false', NULL, 11, '2017-11-07 17:44:52', '2017-11-07 17:44:52'),
(450, 'https://fwk.e-receptif.com:447/cr.fwk/images/hotels/Hotel-1876-20160720-031431.jpg', 'product-10-1510080292.jpg', 'false', NULL, 11, '2017-11-07 17:44:52', '2017-11-07 17:44:52'),
(451, 'https://fwk.e-receptif.com:447/cr.fwk/images/hotels/Hotel-1876-20160720-031440.jpg', 'product-11-1510080293.jpg', 'false', NULL, 11, '2017-11-07 17:44:53', '2017-11-07 17:44:53'),
(452, 'https://fwk.e-receptif.com:447/cr.fwk/images/hotels/Section-737-20120203-051758.jpg', 'product-0-1510080296.jpg', 'false', NULL, 3, '2017-11-07 17:44:56', '2017-11-07 17:44:56'),
(453, 'https://fwk.e-receptif.com:447/cr.fwk/images/hotels/Section-737-20120203-051819.jpg', 'product-1-1510080296.jpg', 'false', NULL, 3, '2017-11-07 17:44:56', '2017-11-07 17:44:56'),
(454, 'https://fwk.e-receptif.com:447/cr.fwk/images/hotels/Section-737-20120203-051835.jpg', 'product-2-1510080306.jpg', 'false', NULL, 3, '2017-11-07 17:45:06', '2017-11-07 17:45:06'),
(455, 'https://fwk.e-receptif.com:447/cr.fwk/images/hotels/Section-737-20120203-051859.jpg', 'product-3-1510080308.jpg', 'false', NULL, 3, '2017-11-07 17:45:08', '2017-11-07 17:45:08'),
(456, 'https://fwk.e-receptif.com:447/cr.fwk/images/hotels/Section-737-20120203-051918.jpg', 'product-4-1510080309.jpg', 'false', NULL, 3, '2017-11-07 17:45:09', '2017-11-07 17:45:09'),
(457, 'https://fwk.e-receptif.com:447/cr.fwk/images/hotels/Section-737-20120203-052047.jpg', 'product-5-1510080310.jpg', 'false', NULL, 3, '2017-11-07 17:45:10', '2017-11-07 17:45:10'),
(458, 'https://fwk.e-receptif.com:447/cr.fwk/images/hotels/Section-737-20120203-052107.jpg', 'product-6-1510080311.jpg', 'false', NULL, 3, '2017-11-07 17:45:11', '2017-11-07 17:45:11'),
(459, 'https://fwk.e-receptif.com:447/cr.fwk/images/hotels/Section-737-20120203-052138.jpg', 'product-7-1510080312.jpg', 'false', NULL, 3, '2017-11-07 17:45:12', '2017-11-07 17:45:12'),
(460, 'https://fwk.e-receptif.com:447/cr.fwk/images/hotels/Hotel-1034-20151211-104925.jpg', 'product-0-1510080314.jpg', 'false', NULL, 18, '2017-11-07 17:45:14', '2017-11-07 17:45:14'),
(461, 'https://fwk.e-receptif.com:447/cr.fwk/images/hotels/Hotel-1034-20151123-094139.JPG', 'product-1-1510080315.jpg', 'false', NULL, 18, '2017-11-07 17:45:15', '2017-11-07 17:45:15'),
(462, 'https://fwk.e-receptif.com:447/cr.fwk/images/hotels/Hotel-1034-20151211-104935.jpg', 'product-2-1510080316.jpg', 'false', NULL, 18, '2017-11-07 17:45:16', '2017-11-07 17:45:16'),
(463, 'https://fwk.e-receptif.com:447/cr.fwk/images/hotels/Hotel-1034-20151211-105420.jpg', 'product-3-1510080316.jpg', 'false', NULL, 18, '2017-11-07 17:45:16', '2017-11-07 17:45:16'),
(464, 'https://fwk.e-receptif.com:447/cr.fwk/images/hotels/Hotel-1034-20151123-094320.JPG', 'product-4-1510080318.jpg', 'false', NULL, 18, '2017-11-07 17:45:18', '2017-11-07 17:45:18'),
(465, 'https://fwk.e-receptif.com:447/cr.fwk/images/hotels/Hotel-1034-20151211-105505.jpg', 'product-5-1510080319.jpg', 'false', NULL, 18, '2017-11-07 17:45:19', '2017-11-07 17:45:19'),
(466, 'https://fwk.e-receptif.com:447/cr.fwk/images/hotels/Hotel-1034-20151123-094341.JPG', 'product-6-1510080321.jpg', 'false', NULL, 18, '2017-11-07 17:45:21', '2017-11-07 17:45:21'),
(467, 'https://fwk.e-receptif.com:447/cr.fwk/images/hotels/Hotel-1034-20151211-105622.jpg', 'product-7-1510080322.jpg', 'false', NULL, 18, '2017-11-07 17:45:22', '2017-11-07 17:45:22'),
(468, 'https://fwk.e-receptif.com:447/cr.fwk/images/hotels/Section-3654-20140102-030549.jpg', 'product-0-1510080325.jpg', 'false', NULL, 6, '2017-11-07 17:45:25', '2017-11-07 17:45:25'),
(469, 'https://fwk.e-receptif.com:447/cr.fwk/images/hotels/Section-3654-20140102-030609.jpg', 'product-1-1510080326.jpg', 'false', NULL, 6, '2017-11-07 17:45:26', '2017-11-07 17:45:26'),
(470, 'https://fwk.e-receptif.com:447/cr.fwk/images/hotels/Section-3654-20140102-030713.jpg', 'product-2-1510080327.jpg', 'false', NULL, 6, '2017-11-07 17:45:27', '2017-11-07 17:45:27'),
(471, 'https://fwk.e-receptif.com:447/cr.fwk/images/hotels/Section-3654-20140102-031208.jpg', 'product-3-1510080329.jpg', 'false', NULL, 6, '2017-11-07 17:45:29', '2017-11-07 17:45:29'),
(472, 'https://fwk.e-receptif.com:447/cr.fwk/images/hotels/Section-3654-20140102-031226.jpg', 'product-4-1510080330.jpg', 'false', NULL, 6, '2017-11-07 17:45:30', '2017-11-07 17:45:30'),
(473, 'https://fwk.e-receptif.com:447/cr.fwk/images/hotels/Section-3654-20140102-031234.jpg', 'product-5-1510080334.jpg', 'false', NULL, 6, '2017-11-07 17:45:34', '2017-11-07 17:45:34'),
(474, 'https://fwk.e-receptif.com:447/cr.fwk/images/hotels/Section-3654-20140102-031314.jpg', 'product-6-1510080336.jpg', 'false', NULL, 6, '2017-11-07 17:45:36', '2017-11-07 17:45:36'),
(475, 'https://fwk.e-receptif.com:447/cr.fwk/images/hotels/Section-3654-20140102-031412.jpg', 'product-7-1510080338.jpg', 'false', NULL, 6, '2017-11-07 17:45:38', '2017-11-07 17:45:38'),
(477, 'https://fwk.e-receptif.com:447/cr.fwk/images/hotels/Section-1634-20120206-124701.jpg', 'product-1-1510080340.jpg', 'false', NULL, 7, '2017-11-07 17:45:40', '2017-11-07 17:45:40'),
(478, 'https://fwk.e-receptif.com:447/cr.fwk/images/hotels/Section-1634-20120206-124718.jpg', 'product-2-1510080341.jpg', 'false', NULL, 7, '2017-11-07 17:45:41', '2017-11-07 17:45:41'),
(479, 'https://fwk.e-receptif.com:447/cr.fwk/images/hotels/Section-1634-20120206-125139.jpg', 'product-3-1510080341.jpg', 'false', NULL, 7, '2017-11-07 17:45:41', '2017-11-07 17:45:41'),
(480, 'https://fwk.e-receptif.com:447/cr.fwk/images/hotels/Section-1634-20120206-124822.jpg', 'product-4-1510080342.jpg', 'false', NULL, 7, '2017-11-07 17:45:42', '2017-11-07 17:45:42'),
(481, 'https://fwk.e-receptif.com:447/cr.fwk/images/hotels/Section-1634-20120206-125116.jpg', 'product-5-1510080343.jpg', 'false', NULL, 7, '2017-11-07 17:45:43', '2017-11-07 17:45:43'),
(482, 'https://fwk.e-receptif.com:447/cr.fwk/images/hotels/Section-1634-20120206-125203.jpg', 'product-6-1510080343.jpg', 'false', NULL, 7, '2017-11-07 17:45:43', '2017-11-07 17:45:43'),
(483, 'https://fwk.e-receptif.com:447/cr.fwk/images/hotels/Section-1634-20120206-125221.jpg', 'product-7-1510080344.jpg', 'false', NULL, 7, '2017-11-07 17:45:44', '2017-11-07 17:45:44'),
(484, 'https://fwk.e-receptif.com:447/cr.fwk/images/hotels/Section-1634-20120206-125235.jpg', 'product-8-1510080345.jpg', 'false', NULL, 7, '2017-11-07 17:45:45', '2017-11-07 17:45:45'),
(485, 'https://fwk.e-receptif.com:447/cr.fwk/images/hotels/Hotel-1688-20141001-111930.jpg', 'product-0-1510080351.jpg', 'false', NULL, 10, '2017-11-07 17:45:51', '2017-11-07 17:45:51'),
(486, 'https://fwk.e-receptif.com:447/cr.fwk/images/hotels/Hotel-1688-20141001-112151.jpg', 'product-1-1510080352.jpg', 'false', NULL, 10, '2017-11-07 17:45:52', '2017-11-07 17:45:52'),
(487, 'https://fwk.e-receptif.com:447/cr.fwk/images/hotels/Hotel-1688-20141001-112244.jpg', 'product-2-1510080353.jpg', 'false', NULL, 10, '2017-11-07 17:45:53', '2017-11-07 17:45:53'),
(488, 'https://fwk.e-receptif.com:447/cr.fwk/images/hotels/Hotel-1688-20141001-112309.jpg', 'product-3-1510080353.jpg', 'false', NULL, 10, '2017-11-07 17:45:53', '2017-11-07 17:45:53'),
(489, 'https://fwk.e-receptif.com:447/cr.fwk/images/hotels/Hotel-1688-20141001-112414.jpg', 'product-4-1510080354.jpg', 'false', NULL, 10, '2017-11-07 17:45:54', '2017-11-07 17:45:54'),
(490, 'https://fwk.e-receptif.com:447/cr.fwk/images/hotels/Hotel-1688-20141001-112439.jpg', 'product-5-1510080356.jpg', 'false', NULL, 10, '2017-11-07 17:45:56', '2017-11-07 17:45:56'),
(491, 'https://fwk.e-receptif.com:447/cr.fwk/images/hotels/Hotel-1688-20141001-112507.jpg', 'product-6-1510080357.jpg', 'false', NULL, 10, '2017-11-07 17:45:57', '2017-11-07 17:45:57'),
(492, 'https://fwk.e-receptif.com:447/cr.fwk/images/hotels/Hotel-1688-20160126-095753.jpg', 'product-7-1510080358.jpg', 'false', NULL, 10, '2017-11-07 17:45:58', '2017-11-07 17:45:58'),
(493, 'https://fwk.e-receptif.com:447/cr.fwk/images/hotels/Hotel-1988-20170308-105626.jpg', 'product-0-1510080360.jpg', 'false', NULL, 14, '2017-11-07 17:46:00', '2017-11-07 17:46:00'),
(494, 'https://fwk.e-receptif.com:447/cr.fwk/images/hotels/Hotel-1988-20170308-105635.jpg', 'product-1-1510080360.jpg', 'false', NULL, 14, '2017-11-07 17:46:00', '2017-11-07 17:46:00'),
(495, 'https://fwk.e-receptif.com:447/cr.fwk/images/hotels/Hotel-1988-20170308-105653.jpg', 'product-2-1510080361.jpg', 'false', NULL, 14, '2017-11-07 17:46:01', '2017-11-07 17:46:01'),
(496, 'https://fwk.e-receptif.com:447/cr.fwk/images/hotels/Hotel-1988-20170308-110124.jpg', 'product-3-1510080362.jpg', 'false', NULL, 14, '2017-11-07 17:46:02', '2017-11-07 17:46:02'),
(497, 'https://fwk.e-receptif.com:447/cr.fwk/images/hotels/Hotel-1988-20170308-110111.jpg', 'product-4-1510080363.jpg', 'false', NULL, 14, '2017-11-07 17:46:03', '2017-11-07 17:46:03'),
(498, 'https://fwk.e-receptif.com:447/cr.fwk/images/hotels/Hotel-1988-20170308-110058.jpg', 'product-5-1510080364.jpg', 'false', NULL, 14, '2017-11-07 17:46:04', '2017-11-07 17:46:04'),
(499, 'https://fwk.e-receptif.com:447/cr.fwk/images/hotels/Hotel-1988-20170308-110133.jpg', 'product-6-1510080365.jpg', 'false', NULL, 14, '2017-11-07 17:46:05', '2017-11-07 17:46:05'),
(500, 'https://fwk.e-receptif.com:447/cr.fwk/images/hotels/Hotel-1988-20170308-110143.jpg', 'product-7-1510080367.jpg', 'false', NULL, 14, '2017-11-07 17:46:07', '2017-11-07 17:46:07'),
(501, 'https://fwk.e-receptif.com:447/cr.fwk/images/hotels/Section-2117-20120203-035230.jpg', 'product-0-1510080371.jpg', 'false', NULL, 15, '2017-11-07 17:46:11', '2017-11-07 17:46:11'),
(502, 'https://fwk.e-receptif.com:447/cr.fwk/images/hotels/Section-2117-20120203-035300.JPG', 'product-1-1510080371.jpg', 'false', NULL, 15, '2017-11-07 17:46:11', '2017-11-07 17:46:11'),
(503, 'https://fwk.e-receptif.com:447/cr.fwk/images/hotels/Section-2117-20120203-035315.jpg', 'product-2-1510080374.jpg', 'false', NULL, 15, '2017-11-07 17:46:14', '2017-11-07 17:46:14'),
(504, 'https://fwk.e-receptif.com:447/cr.fwk/images/hotels/Section-2117-20120203-035331.jpg', 'product-3-1510080374.jpg', 'false', NULL, 15, '2017-11-07 17:46:14', '2017-11-07 17:46:14'),
(505, 'https://fwk.e-receptif.com:447/cr.fwk/images/hotels/Section-2117-20120203-035350.JPG', 'product-4-1510080375.jpg', 'false', NULL, 15, '2017-11-07 17:46:15', '2017-11-07 17:46:15'),
(506, 'https://fwk.e-receptif.com:447/cr.fwk/images/hotels/Section-2117-20120203-035414.jpg', 'product-5-1510080376.jpg', 'false', NULL, 15, '2017-11-07 17:46:16', '2017-11-07 17:46:16'),
(507, 'https://fwk.e-receptif.com:447/cr.fwk/images/hotels/Section-2117-20120203-035434.jpg', 'product-6-1510080378.jpg', 'false', NULL, 15, '2017-11-07 17:46:18', '2017-11-07 17:46:18'),
(508, 'https://fwk.e-receptif.com:447/cr.fwk/images/hotels/Hotel-2117-20160126-100813.jpg', 'product-7-1510080379.jpg', 'false', NULL, 15, '2017-11-07 17:46:19', '2017-11-07 17:46:19'),
(509, 'https://fwk.e-receptif.com:447/cr.fwk/images/hotels/Section-727-20120223-084650.jpg', 'product-0-1510667618.jpg', 'false', NULL, 2, '2017-11-14 12:53:38', '2017-11-14 12:53:38'),
(510, 'https://fwk.e-receptif.com:447/cr.fwk/images/hotels/Section-727-20120223-084703.jpg', 'product-1-1510667618.jpg', 'false', NULL, 2, '2017-11-14 12:53:38', '2017-11-14 12:53:38'),
(511, 'https://fwk.e-receptif.com:447/cr.fwk/images/hotels/Section-727-20120223-084719.jpg', 'product-2-1510667619.jpg', 'false', NULL, 2, '2017-11-14 12:53:39', '2017-11-14 12:53:39'),
(512, 'https://fwk.e-receptif.com:447/cr.fwk/images/hotels/Section-727-20120223-084805.jpg', 'product-3-1510667620.jpg', 'false', NULL, 2, '2017-11-14 12:53:40', '2017-11-14 12:53:40'),
(513, 'https://fwk.e-receptif.com:447/cr.fwk/images/hotels/Section-727-20120223-085017.jpg', 'product-4-1510667621.jpg', 'false', NULL, 2, '2017-11-14 12:53:41', '2017-11-14 12:53:41'),
(514, 'https://fwk.e-receptif.com:447/cr.fwk/images/hotels/Section-727-20120223-085041.jpg', 'product-5-1510667621.jpg', 'false', NULL, 2, '2017-11-14 12:53:41', '2017-11-14 12:53:41'),
(515, 'https://fwk.e-receptif.com:447/cr.fwk/images/hotels/Section-727-20120223-085121.jpg', 'product-6-1510667622.jpg', 'false', NULL, 2, '2017-11-14 12:53:42', '2017-11-14 12:53:42'),
(516, 'https://fwk.e-receptif.com:447/cr.fwk/images/hotels/Hotel-727-20150716-015903.jpg', 'product-7-1510667623.jpg', 'false', NULL, 2, '2017-11-14 12:53:43', '2017-11-14 12:53:43'),
(517, 'https://fwk.e-receptif.com:447/cr.fwk/images/hotels/Section-1873-20120126-050120.jpg', 'product-0-1510667624.jpg', 'false', NULL, 4, '2017-11-14 12:53:44', '2017-11-14 12:53:44'),
(518, 'https://fwk.e-receptif.com:447/cr.fwk/images/hotels/Hotel-1873-20170227-025721.jpg', 'product-1-1510667624.jpg', 'false', NULL, 4, '2017-11-14 12:53:44', '2017-11-14 12:53:44'),
(519, 'https://fwk.e-receptif.com:447/cr.fwk/images/hotels/Section-1873-20120126-050150.jpg', 'product-2-1510667625.jpg', 'false', NULL, 4, '2017-11-14 12:53:45', '2017-11-14 12:53:45'),
(520, 'https://fwk.e-receptif.com:447/cr.fwk/images/hotels/Section-1873-20120126-050201.jpg', 'product-3-1510667625.jpg', 'false', NULL, 4, '2017-11-14 12:53:45', '2017-11-14 12:53:45'),
(521, 'https://fwk.e-receptif.com:447/cr.fwk/images/hotels/Section-1873-20120126-050229.jpg', 'product-4-1510667626.jpg', 'false', NULL, 4, '2017-11-14 12:53:46', '2017-11-14 12:53:46'),
(522, 'https://fwk.e-receptif.com:447/cr.fwk/images/hotels/Section-1873-20120126-050245.jpg', 'product-5-1510667626.jpg', 'false', NULL, 4, '2017-11-14 12:53:46', '2017-11-14 12:53:46'),
(523, 'https://fwk.e-receptif.com:447/cr.fwk/images/hotels/Section-1873-20120126-050301.jpg', 'product-6-1510667627.jpg', 'false', NULL, 4, '2017-11-14 12:53:47', '2017-11-14 12:53:47'),
(524, 'https://fwk.e-receptif.com:447/cr.fwk/images/hotels/Section-1873-20120126-050316.jpg', 'product-7-1510667627.jpg', 'false', NULL, 4, '2017-11-14 12:53:47', '2017-11-14 12:53:47'),
(525, 'https://fwk.e-receptif.com:447/cr.fwk/images/hotels/Hotel-1873-20170227-025742.jpg', 'product-8-1510667628.jpg', 'false', NULL, 4, '2017-11-14 12:53:48', '2017-11-14 12:53:48'),
(526, 'https://fwk.e-receptif.com:447/cr.fwk/images/hotels/Hotel-1873-20170227-025800.jpg', 'product-9-1510667628.jpg', 'false', NULL, 4, '2017-11-14 12:53:48', '2017-11-14 12:53:48'),
(527, 'https://fwk.e-receptif.com:447/cr.fwk/images/hotels/Section-1845-20120203-120101.JPG', 'product-0-1510667630.jpg', 'false', NULL, 17, '2017-11-14 12:53:50', '2017-11-14 12:53:50'),
(528, 'https://fwk.e-receptif.com:447/cr.fwk/images/hotels/Section-1845-20120203-120122.JPG', 'product-1-1510667631.jpg', 'false', NULL, 17, '2017-11-14 12:53:51', '2017-11-14 12:53:51'),
(529, 'https://fwk.e-receptif.com:447/cr.fwk/images/hotels/Section-1845-20120203-120143.jpg', 'product-2-1510667631.jpg', 'false', NULL, 17, '2017-11-14 12:53:51', '2017-11-14 12:53:51'),
(530, 'https://fwk.e-receptif.com:447/cr.fwk/images/hotels/Section-1845-20120203-120201.JPG', 'product-3-1510667632.jpg', 'false', NULL, 17, '2017-11-14 12:53:52', '2017-11-14 12:53:52'),
(531, 'https://fwk.e-receptif.com:447/cr.fwk/images/hotels/Section-1845-20120203-120231.jpg', 'product-4-1510667632.jpg', 'false', NULL, 17, '2017-11-14 12:53:52', '2017-11-14 12:53:52'),
(532, 'https://fwk.e-receptif.com:447/cr.fwk/images/hotels/Section-1845-20120203-120251.JPG', 'product-5-1510667633.jpg', 'false', NULL, 17, '2017-11-14 12:53:53', '2017-11-14 12:53:53'),
(533, 'https://fwk.e-receptif.com:447/cr.fwk/images/hotels/Section-1845-20120203-120324.JPG', 'product-6-1510667634.jpg', 'false', NULL, 17, '2017-11-14 12:53:54', '2017-11-14 12:53:54'),
(534, 'https://fwk.e-receptif.com:447/cr.fwk/images/hotels/Section-1845-20120203-120351.jpg', 'product-7-1510667636.jpg', 'false', NULL, 17, '2017-11-14 12:53:56', '2017-11-14 12:53:56'),
(535, 'https://fwk.e-receptif.com:447/cr.fwk/images/hotels/Hotel-1876-20160720-031316.jpg', 'product-0-1510667638.jpg', 'false', NULL, 11, '2017-11-14 12:53:58', '2017-11-14 12:53:58'),
(536, 'https://fwk.e-receptif.com:447/cr.fwk/images/hotels/Hotel-1876-20160720-031333.jpg', 'product-1-1510667639.jpg', 'false', NULL, 11, '2017-11-14 12:53:59', '2017-11-14 12:53:59'),
(537, 'https://fwk.e-receptif.com:447/cr.fwk/images/hotels/Hotel-1876-20150522-031625.jpg', 'product-2-1510667639.jpg', 'false', NULL, 11, '2017-11-14 12:53:59', '2017-11-14 12:53:59'),
(538, 'https://fwk.e-receptif.com:447/cr.fwk/images/hotels/Hotel-1876-20150819-090130.jpg', 'product-3-1510667640.jpg', 'false', NULL, 11, '2017-11-14 12:54:00', '2017-11-14 12:54:00'),
(539, 'https://fwk.e-receptif.com:447/cr.fwk/images/hotels/Hotel-1876-20150522-031645.jpg', 'product-4-1510667641.jpg', 'false', NULL, 11, '2017-11-14 12:54:01', '2017-11-14 12:54:01'),
(540, 'https://fwk.e-receptif.com:447/cr.fwk/images/hotels/Hotel-1876-20160107-121015.jpg', 'product-5-1510667642.jpg', 'false', NULL, 11, '2017-11-14 12:54:02', '2017-11-14 12:54:02'),
(541, 'https://fwk.e-receptif.com:447/cr.fwk/images/hotels/Hotel-1876-20160107-121139.jpg', 'product-6-1510667642.jpg', 'false', NULL, 11, '2017-11-14 12:54:02', '2017-11-14 12:54:02'),
(542, 'https://fwk.e-receptif.com:447/cr.fwk/images/hotels/Hotel-1876-20160107-121148.jpg', 'product-7-1510667643.jpg', 'false', NULL, 11, '2017-11-14 12:54:03', '2017-11-14 12:54:03'),
(543, 'https://fwk.e-receptif.com:447/cr.fwk/images/hotels/Hotel-1876-20160720-031404.jpg', 'product-8-1510667646.jpg', 'false', NULL, 11, '2017-11-14 12:54:06', '2017-11-14 12:54:06'),
(544, 'https://fwk.e-receptif.com:447/cr.fwk/images/hotels/Hotel-1876-20160720-031422.jpg', 'product-9-1510667647.jpg', 'false', NULL, 11, '2017-11-14 12:54:07', '2017-11-14 12:54:07'),
(545, 'https://fwk.e-receptif.com:447/cr.fwk/images/hotels/Hotel-1876-20160720-031431.jpg', 'product-10-1510667648.jpg', 'false', NULL, 11, '2017-11-14 12:54:08', '2017-11-14 12:54:08'),
(546, 'https://fwk.e-receptif.com:447/cr.fwk/images/hotels/Hotel-1876-20160720-031440.jpg', 'product-11-1510667651.jpg', 'false', NULL, 11, '2017-11-14 12:54:11', '2017-11-14 12:54:11'),
(547, 'https://fwk.e-receptif.com:447/cr.fwk/images/hotels/Section-737-20120203-051758.jpg', 'product-0-1510667653.jpg', 'false', NULL, 3, '2017-11-14 12:54:13', '2017-11-14 12:54:13'),
(548, 'https://fwk.e-receptif.com:447/cr.fwk/images/hotels/Section-737-20120203-051819.jpg', 'product-1-1510667653.jpg', 'false', NULL, 3, '2017-11-14 12:54:13', '2017-11-14 12:54:13'),
(549, 'https://fwk.e-receptif.com:447/cr.fwk/images/hotels/Section-737-20120203-051835.jpg', 'product-2-1510667654.jpg', 'false', NULL, 3, '2017-11-14 12:54:14', '2017-11-14 12:54:14'),
(550, 'https://fwk.e-receptif.com:447/cr.fwk/images/hotels/Section-737-20120203-051859.jpg', 'product-3-1510667655.jpg', 'false', NULL, 3, '2017-11-14 12:54:15', '2017-11-14 12:54:15'),
(551, 'https://fwk.e-receptif.com:447/cr.fwk/images/hotels/Section-737-20120203-051918.jpg', 'product-4-1510667656.jpg', 'false', NULL, 3, '2017-11-14 12:54:16', '2017-11-14 12:54:16'),
(552, 'https://fwk.e-receptif.com:447/cr.fwk/images/hotels/Section-737-20120203-052047.jpg', 'product-5-1510667657.jpg', 'false', NULL, 3, '2017-11-14 12:54:17', '2017-11-14 12:54:17'),
(553, 'https://fwk.e-receptif.com:447/cr.fwk/images/hotels/Section-737-20120203-052107.jpg', 'product-6-1510667657.jpg', 'false', NULL, 3, '2017-11-14 12:54:17', '2017-11-14 12:54:17'),
(554, 'https://fwk.e-receptif.com:447/cr.fwk/images/hotels/Section-737-20120203-052138.jpg', 'product-7-1510667658.jpg', 'false', NULL, 3, '2017-11-14 12:54:18', '2017-11-14 12:54:18'),
(555, 'https://fwk.e-receptif.com:447/cr.fwk/images/hotels/Hotel-1034-20151211-104925.jpg', 'product-0-1510667660.jpg', 'false', NULL, 18, '2017-11-14 12:54:20', '2017-11-14 12:54:20'),
(556, 'https://fwk.e-receptif.com:447/cr.fwk/images/hotels/Hotel-1034-20151123-094139.JPG', 'product-1-1510667661.jpg', 'false', NULL, 18, '2017-11-14 12:54:21', '2017-11-14 12:54:21'),
(557, 'https://fwk.e-receptif.com:447/cr.fwk/images/hotels/Hotel-1034-20151211-104935.jpg', 'product-2-1510667662.jpg', 'false', NULL, 18, '2017-11-14 12:54:22', '2017-11-14 12:54:22'),
(558, 'https://fwk.e-receptif.com:447/cr.fwk/images/hotels/Hotel-1034-20151211-105420.jpg', 'product-3-1510667663.jpg', 'false', NULL, 18, '2017-11-14 12:54:23', '2017-11-14 12:54:23'),
(559, 'https://fwk.e-receptif.com:447/cr.fwk/images/hotels/Hotel-1034-20151123-094320.JPG', 'product-4-1510667663.jpg', 'false', NULL, 18, '2017-11-14 12:54:23', '2017-11-14 12:54:23'),
(560, 'https://fwk.e-receptif.com:447/cr.fwk/images/hotels/Hotel-1034-20151211-105505.jpg', 'product-5-1510667665.jpg', 'false', NULL, 18, '2017-11-14 12:54:25', '2017-11-14 12:54:25'),
(561, 'https://fwk.e-receptif.com:447/cr.fwk/images/hotels/Hotel-1034-20151123-094341.JPG', 'product-6-1510667667.jpg', 'false', NULL, 18, '2017-11-14 12:54:27', '2017-11-14 12:54:27'),
(562, 'https://fwk.e-receptif.com:447/cr.fwk/images/hotels/Hotel-1034-20151211-105622.jpg', 'product-7-1510667669.jpg', 'false', NULL, 18, '2017-11-14 12:54:29', '2017-11-14 12:54:29'),
(563, 'https://fwk.e-receptif.com:447/cr.fwk/images/hotels/Section-3654-20140102-030549.jpg', 'product-0-1510667672.jpg', 'false', NULL, 6, '2017-11-14 12:54:32', '2017-11-14 12:54:32'),
(564, 'https://fwk.e-receptif.com:447/cr.fwk/images/hotels/Section-3654-20140102-030609.jpg', 'product-1-1510667672.jpg', 'false', NULL, 6, '2017-11-14 12:54:32', '2017-11-14 12:54:32'),
(565, 'https://fwk.e-receptif.com:447/cr.fwk/images/hotels/Section-3654-20140102-030713.jpg', 'product-2-1510667673.jpg', 'false', NULL, 6, '2017-11-14 12:54:33', '2017-11-14 12:54:33'),
(566, 'https://fwk.e-receptif.com:447/cr.fwk/images/hotels/Section-3654-20140102-031208.jpg', 'product-3-1510667674.jpg', 'false', NULL, 6, '2017-11-14 12:54:34', '2017-11-14 12:54:34'),
(567, 'https://fwk.e-receptif.com:447/cr.fwk/images/hotels/Section-3654-20140102-031226.jpg', 'product-4-1510667677.jpg', 'false', NULL, 6, '2017-11-14 12:54:37', '2017-11-14 12:54:37'),
(568, 'https://fwk.e-receptif.com:447/cr.fwk/images/hotels/Section-3654-20140102-031234.jpg', 'product-5-1510667677.jpg', 'false', NULL, 6, '2017-11-14 12:54:37', '2017-11-14 12:54:37'),
(569, 'https://fwk.e-receptif.com:447/cr.fwk/images/hotels/Section-3654-20140102-031314.jpg', 'product-6-1510667678.jpg', 'false', NULL, 6, '2017-11-14 12:54:38', '2017-11-14 12:54:38'),
(570, 'https://fwk.e-receptif.com:447/cr.fwk/images/hotels/Section-3654-20140102-031412.jpg', 'product-7-1510667679.jpg', 'false', NULL, 6, '2017-11-14 12:54:39', '2017-11-14 12:54:39'),
(571, 'https://fwk.e-receptif.com:447/cr.fwk/images/hotels/Section-1634-20120206-124640.jpg', 'product-0-1510667681.jpg', 'false', NULL, 7, '2017-11-14 12:54:41', '2017-11-14 12:54:41'),
(572, 'https://fwk.e-receptif.com:447/cr.fwk/images/hotels/Section-1634-20120206-124701.jpg', 'product-1-1510667684.jpg', 'false', NULL, 7, '2017-11-14 12:54:44', '2017-11-14 12:54:44'),
(573, 'https://fwk.e-receptif.com:447/cr.fwk/images/hotels/Section-1634-20120206-124718.jpg', 'product-2-1510667686.jpg', 'false', NULL, 7, '2017-11-14 12:54:46', '2017-11-14 12:54:46'),
(574, 'https://fwk.e-receptif.com:447/cr.fwk/images/hotels/Section-1634-20120206-125139.jpg', 'product-3-1510667687.jpg', 'false', NULL, 7, '2017-11-14 12:54:47', '2017-11-14 12:54:47'),
(575, 'https://fwk.e-receptif.com:447/cr.fwk/images/hotels/Section-1634-20120206-124822.jpg', 'product-4-1510667687.jpg', 'false', NULL, 7, '2017-11-14 12:54:47', '2017-11-14 12:54:47'),
(576, 'https://fwk.e-receptif.com:447/cr.fwk/images/hotels/Section-1634-20120206-125116.jpg', 'product-5-1510667688.jpg', 'false', NULL, 7, '2017-11-14 12:54:48', '2017-11-14 12:54:48'),
(577, 'https://fwk.e-receptif.com:447/cr.fwk/images/hotels/Section-1634-20120206-125203.jpg', 'product-6-1510667688.jpg', 'false', NULL, 7, '2017-11-14 12:54:48', '2017-11-14 12:54:48'),
(578, 'https://fwk.e-receptif.com:447/cr.fwk/images/hotels/Section-1634-20120206-125221.jpg', 'product-7-1510667689.jpg', 'false', NULL, 7, '2017-11-14 12:54:49', '2017-11-14 12:54:49'),
(579, 'https://fwk.e-receptif.com:447/cr.fwk/images/hotels/Section-1634-20120206-125235.jpg', 'product-8-1510667690.jpg', 'false', NULL, 7, '2017-11-14 12:54:50', '2017-11-14 12:54:50'),
(580, 'https://fwk.e-receptif.com:447/cr.fwk/images/hotels/Hotel-1688-20141001-111930.jpg', 'product-0-1510667692.jpg', 'false', NULL, 10, '2017-11-14 12:54:52', '2017-11-14 12:54:52'),
(581, 'https://fwk.e-receptif.com:447/cr.fwk/images/hotels/Hotel-1688-20141001-112151.jpg', 'product-1-1510667694.jpg', 'false', NULL, 10, '2017-11-14 12:54:54', '2017-11-14 12:54:54'),
(582, 'https://fwk.e-receptif.com:447/cr.fwk/images/hotels/Hotel-1688-20141001-112244.jpg', 'product-2-1510667694.jpg', 'false', NULL, 10, '2017-11-14 12:54:54', '2017-11-14 12:54:54'),
(583, 'https://fwk.e-receptif.com:447/cr.fwk/images/hotels/Hotel-1688-20141001-112309.jpg', 'product-3-1510667696.jpg', 'false', NULL, 10, '2017-11-14 12:54:56', '2017-11-14 12:54:56'),
(584, 'https://fwk.e-receptif.com:447/cr.fwk/images/hotels/Hotel-1688-20141001-112414.jpg', 'product-4-1510667697.jpg', 'false', NULL, 10, '2017-11-14 12:54:57', '2017-11-14 12:54:57'),
(585, 'https://fwk.e-receptif.com:447/cr.fwk/images/hotels/Hotel-1688-20141001-112439.jpg', 'product-5-1510667697.jpg', 'false', NULL, 10, '2017-11-14 12:54:57', '2017-11-14 12:54:57'),
(586, 'https://fwk.e-receptif.com:447/cr.fwk/images/hotels/Hotel-1688-20141001-112507.jpg', 'product-6-1510667698.jpg', 'false', NULL, 10, '2017-11-14 12:54:58', '2017-11-14 12:54:58'),
(587, 'https://fwk.e-receptif.com:447/cr.fwk/images/hotels/Hotel-1688-20160126-095753.jpg', 'product-7-1510667699.jpg', 'false', NULL, 10, '2017-11-14 12:54:59', '2017-11-14 12:54:59'),
(588, 'https://fwk.e-receptif.com:447/cr.fwk/images/hotels/Hotel-1988-20170308-105626.jpg', 'product-0-1510667700.jpg', 'false', NULL, 14, '2017-11-14 12:55:00', '2017-11-14 12:55:00'),
(589, 'https://fwk.e-receptif.com:447/cr.fwk/images/hotels/Hotel-1988-20170308-105635.jpg', 'product-1-1510667701.jpg', 'false', NULL, 14, '2017-11-14 12:55:01', '2017-11-14 12:55:01'),
(590, 'https://fwk.e-receptif.com:447/cr.fwk/images/hotels/Hotel-1988-20170308-105653.jpg', 'product-2-1510667701.jpg', 'false', NULL, 14, '2017-11-14 12:55:01', '2017-11-14 12:55:01'),
(591, 'https://fwk.e-receptif.com:447/cr.fwk/images/hotels/Hotel-1988-20170308-110124.jpg', 'product-3-1510667702.jpg', 'false', NULL, 14, '2017-11-14 12:55:02', '2017-11-14 12:55:02'),
(592, 'https://fwk.e-receptif.com:447/cr.fwk/images/hotels/Hotel-1988-20170308-110111.jpg', 'product-4-1510667703.jpg', 'false', NULL, 14, '2017-11-14 12:55:03', '2017-11-14 12:55:03'),
(593, 'https://fwk.e-receptif.com:447/cr.fwk/images/hotels/Hotel-1988-20170308-110058.jpg', 'product-5-1510667704.jpg', 'false', NULL, 14, '2017-11-14 12:55:04', '2017-11-14 12:55:04'),
(594, 'https://fwk.e-receptif.com:447/cr.fwk/images/hotels/Hotel-1988-20170308-110133.jpg', 'product-6-1510667704.jpg', 'false', NULL, 14, '2017-11-14 12:55:04', '2017-11-14 12:55:04'),
(595, 'https://fwk.e-receptif.com:447/cr.fwk/images/hotels/Hotel-1988-20170308-110143.jpg', 'product-7-1510667705.jpg', 'false', NULL, 14, '2017-11-14 12:55:05', '2017-11-14 12:55:05'),
(596, 'https://fwk.e-receptif.com:447/cr.fwk/images/hotels/Section-2117-20120203-035230.jpg', 'product-0-1510667707.jpg', 'false', NULL, 15, '2017-11-14 12:55:07', '2017-11-14 12:55:07'),
(597, 'https://fwk.e-receptif.com:447/cr.fwk/images/hotels/Section-2117-20120203-035300.JPG', 'product-1-1510667707.jpg', 'false', NULL, 15, '2017-11-14 12:55:07', '2017-11-14 12:55:07'),
(598, 'https://fwk.e-receptif.com:447/cr.fwk/images/hotels/Section-2117-20120203-035315.jpg', 'product-2-1510667707.jpg', 'false', NULL, 15, '2017-11-14 12:55:07', '2017-11-14 12:55:07'),
(599, 'https://fwk.e-receptif.com:447/cr.fwk/images/hotels/Section-2117-20120203-035331.jpg', 'product-3-1510667708.jpg', 'false', NULL, 15, '2017-11-14 12:55:08', '2017-11-14 12:55:08'),
(600, 'https://fwk.e-receptif.com:447/cr.fwk/images/hotels/Section-2117-20120203-035350.JPG', 'product-4-1510667708.jpg', 'false', NULL, 15, '2017-11-14 12:55:08', '2017-11-14 12:55:08'),
(601, 'https://fwk.e-receptif.com:447/cr.fwk/images/hotels/Section-2117-20120203-035414.jpg', 'product-5-1510667709.jpg', 'false', NULL, 15, '2017-11-14 12:55:09', '2017-11-14 12:55:09'),
(602, 'https://fwk.e-receptif.com:447/cr.fwk/images/hotels/Section-2117-20120203-035434.jpg', 'product-6-1510667709.jpg', 'false', NULL, 15, '2017-11-14 12:55:09', '2017-11-14 12:55:09'),
(603, 'https://fwk.e-receptif.com:447/cr.fwk/images/hotels/Hotel-2117-20160126-100813.jpg', 'product-7-1510667710.jpg', 'false', NULL, 15, '2017-11-14 12:55:10', '2017-11-14 12:55:10'),
(604, 'https://fwk.e-receptif.com:447/cr.fwk/images/hotels/Hotel-3938-20160414-094150.JPG', 'product-0-1510667866.jpg', 'false', NULL, 19, '2017-11-14 12:57:46', '2017-11-14 12:57:46'),
(605, 'https://fwk.e-receptif.com:447/cr.fwk/images/hotels/Hotel-3938-20160414-095806.jpg', 'product-1-1510667867.jpg', 'false', NULL, 19, '2017-11-14 12:57:47', '2017-11-14 12:57:47'),
(606, 'https://fwk.e-receptif.com:447/cr.fwk/images/hotels/Hotel-3938-20140311-102053.jpg', 'product-2-1510667867.jpg', 'false', NULL, 19, '2017-11-14 12:57:47', '2017-11-14 12:57:47'),
(607, 'https://fwk.e-receptif.com:447/cr.fwk/images/hotels/Hotel-3938-20140311-102448.jpg', 'product-3-1510667868.jpg', 'false', NULL, 19, '2017-11-14 12:57:48', '2017-11-14 12:57:48'),
(608, 'https://fwk.e-receptif.com:447/cr.fwk/images/hotels/Hotel-3938-20160414-095836.jpg', 'product-4-1510667869.jpg', 'false', NULL, 19, '2017-11-14 12:57:49', '2017-11-14 12:57:49'),
(609, 'https://fwk.e-receptif.com:447/cr.fwk/images/hotels/Hotel-3938-20160414-095853.jpg', 'product-5-1510667870.jpg', 'false', NULL, 19, '2017-11-14 12:57:50', '2017-11-14 12:57:50'),
(610, 'https://fwk.e-receptif.com:447/cr.fwk/images/hotels/Hotel-3938-20160414-100334.jpg', 'product-6-1510667870.jpg', 'false', NULL, 19, '2017-11-14 12:57:50', '2017-11-14 12:57:50'),
(611, 'https://fwk.e-receptif.com:447/cr.fwk/images/hotels/Hotel-3938-20160414-100631.jpg', 'product-7-1510667871.jpg', 'false', NULL, 19, '2017-11-14 12:57:51', '2017-11-14 12:57:51'),
(612, 'https://fwk.e-receptif.com:447/cr.fwk/images/hotels/Section-3508-20130211-101637.jpg', 'product-0-1510667873.jpg', 'false', NULL, 20, '2017-11-14 12:57:53', '2017-11-14 12:57:53'),
(613, 'https://fwk.e-receptif.com:447/cr.fwk/images/hotels/Section-3508-20130211-101656.jpg', 'product-1-1510667873.jpg', 'false', NULL, 20, '2017-11-14 12:57:53', '2017-11-14 12:57:53'),
(614, 'https://fwk.e-receptif.com:447/cr.fwk/images/hotels/Section-3508-20130211-101712.jpg', 'product-2-1510667874.jpg', 'false', NULL, 20, '2017-11-14 12:57:54', '2017-11-14 12:57:54'),
(615, 'https://fwk.e-receptif.com:447/cr.fwk/images/hotels/Section-3508-20130211-101807.jpg', 'product-3-1510667874.jpg', 'false', NULL, 20, '2017-11-14 12:57:54', '2017-11-14 12:57:54'),
(616, 'https://fwk.e-receptif.com:447/cr.fwk/images/hotels/Section-3508-20130211-101827.jpg', 'product-4-1510667875.jpg', 'false', NULL, 20, '2017-11-14 12:57:55', '2017-11-14 12:57:55'),
(617, 'https://fwk.e-receptif.com:447/cr.fwk/images/hotels/Section-3508-20130211-102022.jpg', 'product-5-1510667875.jpg', 'false', NULL, 20, '2017-11-14 12:57:55', '2017-11-14 12:57:55'),
(618, 'https://fwk.e-receptif.com:447/cr.fwk/images/hotels/Section-3508-20130211-102049.jpg', 'product-6-1510667876.jpg', 'false', NULL, 20, '2017-11-14 12:57:56', '2017-11-14 12:57:56'),
(619, 'https://fwk.e-receptif.com:447/cr.fwk/images/hotels/Section-3508-20130211-102207.jpg', 'product-7-1510667876.jpg', 'false', NULL, 20, '2017-11-14 12:57:56', '2017-11-14 12:57:56'),
(620, 'https://fwk.e-receptif.com:447/cr.fwk/images/hotels/Section-2055-20120327-034019.jpg', 'product-0-1510667877.jpg', 'false', NULL, 21, '2017-11-14 12:57:57', '2017-11-14 12:57:57'),
(621, 'https://fwk.e-receptif.com:447/cr.fwk/images/hotels/Section-2055-20120327-034035.jpg', 'product-1-1510667878.jpg', 'false', NULL, 21, '2017-11-14 12:57:58', '2017-11-14 12:57:58'),
(622, 'https://fwk.e-receptif.com:447/cr.fwk/images/hotels/Section-2055-20120327-034045.jpg', 'product-2-1510667878.jpg', 'false', NULL, 21, '2017-11-14 12:57:58', '2017-11-14 12:57:58'),
(623, 'https://fwk.e-receptif.com:447/cr.fwk/images/hotels/Section-2055-20120220-032422.jpg', 'product-3-1510667879.jpg', 'false', NULL, 21, '2017-11-14 12:57:59', '2017-11-14 12:57:59'),
(624, 'https://fwk.e-receptif.com:447/cr.fwk/images/hotels/Section-2055-20120327-034055.jpg', 'product-4-1510667879.jpg', 'false', NULL, 21, '2017-11-14 12:57:59', '2017-11-14 12:57:59'),
(625, 'https://fwk.e-receptif.com:447/cr.fwk/images/hotels/Section-2055-20120220-032907.jpg', 'product-5-1510667880.jpg', 'false', NULL, 21, '2017-11-14 12:58:00', '2017-11-14 12:58:00'),
(626, 'https://fwk.e-receptif.com:447/cr.fwk/images/hotels/Section-2055-20120220-032937.jpg', 'product-6-1510667881.jpg', 'false', NULL, 21, '2017-11-14 12:58:01', '2017-11-14 12:58:01'),
(627, 'https://fwk.e-receptif.com:447/cr.fwk/images/hotels/Section-2055-20120220-033138.jpg', 'product-7-1510667882.jpg', 'false', NULL, 21, '2017-11-14 12:58:02', '2017-11-14 12:58:02'),
(628, 'https://fwk.e-receptif.com:447/cr.fwk/images/hotels/Section-1845-20120203-120101.JPG', 'product-0-1510667884.jpg', 'false', NULL, 17, '2017-11-14 12:58:04', '2017-11-14 12:58:04'),
(629, 'https://fwk.e-receptif.com:447/cr.fwk/images/hotels/Section-1845-20120203-120122.JPG', 'product-1-1510667884.jpg', 'false', NULL, 17, '2017-11-14 12:58:04', '2017-11-14 12:58:04'),
(630, 'https://fwk.e-receptif.com:447/cr.fwk/images/hotels/Section-1845-20120203-120143.jpg', 'product-2-1510667884.jpg', 'false', NULL, 17, '2017-11-14 12:58:04', '2017-11-14 12:58:04'),
(631, 'https://fwk.e-receptif.com:447/cr.fwk/images/hotels/Section-1845-20120203-120201.JPG', 'product-3-1510667885.jpg', 'false', NULL, 17, '2017-11-14 12:58:05', '2017-11-14 12:58:05'),
(632, 'https://fwk.e-receptif.com:447/cr.fwk/images/hotels/Section-1845-20120203-120231.jpg', 'product-4-1510667885.jpg', 'false', NULL, 17, '2017-11-14 12:58:05', '2017-11-14 12:58:05'),
(633, 'https://fwk.e-receptif.com:447/cr.fwk/images/hotels/Section-1845-20120203-120251.JPG', 'product-5-1510667887.jpg', 'false', NULL, 17, '2017-11-14 12:58:07', '2017-11-14 12:58:07'),
(634, 'https://fwk.e-receptif.com:447/cr.fwk/images/hotels/Section-1845-20120203-120324.JPG', 'product-6-1510667888.jpg', 'false', NULL, 17, '2017-11-14 12:58:08', '2017-11-14 12:58:08'),
(635, 'https://fwk.e-receptif.com:447/cr.fwk/images/hotels/Section-1845-20120203-120351.jpg', 'product-7-1510667889.jpg', 'false', NULL, 17, '2017-11-14 12:58:09', '2017-11-14 12:58:09'),
(636, 'https://fwk.e-receptif.com:447/cr.fwk/images/hotels/Section-1577-20120202-115721.jpg', 'product-0-1510667894.jpg', 'false', NULL, 22, '2017-11-14 12:58:14', '2017-11-14 12:58:14'),
(637, 'https://fwk.e-receptif.com:447/cr.fwk/images/hotels/Hotel-1577-20171007-112917.jpg', 'product-1-1510667894.jpg', 'false', NULL, 22, '2017-11-14 12:58:14', '2017-11-14 12:58:14'),
(638, 'https://fwk.e-receptif.com:447/cr.fwk/images/hotels/Hotel-1577-20171009-054019.jpg', 'product-2-1510667895.jpg', 'false', NULL, 22, '2017-11-14 12:58:15', '2017-11-14 12:58:15'),
(639, 'https://fwk.e-receptif.com:447/cr.fwk/images/hotels/Hotel-1577-20171009-054042.jpg', 'product-3-1510667896.jpg', 'false', NULL, 22, '2017-11-14 12:58:16', '2017-11-14 12:58:16'),
(640, 'https://fwk.e-receptif.com:447/cr.fwk/images/hotels/Hotel-1577-20171009-054126.jpg', 'product-4-1510667896.jpg', 'false', NULL, 22, '2017-11-14 12:58:16', '2017-11-14 12:58:16'),
(641, 'https://fwk.e-receptif.com:447/cr.fwk/images/hotels/Hotel-1577-20171009-054209.jpg', 'product-5-1510667897.jpg', 'false', NULL, 22, '2017-11-14 12:58:17', '2017-11-14 12:58:17'),
(642, 'https://fwk.e-receptif.com:447/cr.fwk/images/hotels/Hotel-1577-20171009-054227.jpg', 'product-6-1510667898.jpg', 'false', NULL, 22, '2017-11-14 12:58:18', '2017-11-14 12:58:18'),
(643, 'https://fwk.e-receptif.com:447/cr.fwk/images/hotels/Hotel-1577-20171009-054249.jpg', 'product-7-1510667899.jpg', 'false', NULL, 22, '2017-11-14 12:58:19', '2017-11-14 12:58:19'),
(644, 'https://fwk.e-receptif.com:447/cr.fwk/images/hotels/Hotel-1876-20160720-031316.jpg', 'product-0-1510667901.jpg', 'false', NULL, 11, '2017-11-14 12:58:21', '2017-11-14 12:58:21'),
(645, 'https://fwk.e-receptif.com:447/cr.fwk/images/hotels/Hotel-1876-20160720-031333.jpg', 'product-1-1510667902.jpg', 'false', NULL, 11, '2017-11-14 12:58:22', '2017-11-14 12:58:22'),
(646, 'https://fwk.e-receptif.com:447/cr.fwk/images/hotels/Hotel-1876-20150522-031625.jpg', 'product-2-1510667902.jpg', 'false', NULL, 11, '2017-11-14 12:58:22', '2017-11-14 12:58:22'),
(647, 'https://fwk.e-receptif.com:447/cr.fwk/images/hotels/Hotel-1876-20150819-090130.jpg', 'product-3-1510667903.jpg', 'false', NULL, 11, '2017-11-14 12:58:23', '2017-11-14 12:58:23'),
(648, 'https://fwk.e-receptif.com:447/cr.fwk/images/hotels/Hotel-1876-20150522-031645.jpg', 'product-4-1510667903.jpg', 'false', NULL, 11, '2017-11-14 12:58:23', '2017-11-14 12:58:23'),
(649, 'https://fwk.e-receptif.com:447/cr.fwk/images/hotels/Hotel-1876-20160107-121015.jpg', 'product-5-1510667904.jpg', 'false', NULL, 11, '2017-11-14 12:58:24', '2017-11-14 12:58:24'),
(650, 'https://fwk.e-receptif.com:447/cr.fwk/images/hotels/Hotel-1876-20160107-121139.jpg', 'product-6-1510667904.jpg', 'false', NULL, 11, '2017-11-14 12:58:24', '2017-11-14 12:58:24'),
(651, 'https://fwk.e-receptif.com:447/cr.fwk/images/hotels/Hotel-1876-20160107-121148.jpg', 'product-7-1510667905.jpg', 'false', NULL, 11, '2017-11-14 12:58:25', '2017-11-14 12:58:25'),
(652, 'https://fwk.e-receptif.com:447/cr.fwk/images/hotels/Hotel-1876-20160720-031404.jpg', 'product-8-1510667905.jpg', 'false', NULL, 11, '2017-11-14 12:58:25', '2017-11-14 12:58:25'),
(653, 'https://fwk.e-receptif.com:447/cr.fwk/images/hotels/Hotel-1876-20160720-031422.jpg', 'product-9-1510667906.jpg', 'false', NULL, 11, '2017-11-14 12:58:26', '2017-11-14 12:58:26'),
(654, 'https://fwk.e-receptif.com:447/cr.fwk/images/hotels/Hotel-1876-20160720-031431.jpg', 'product-10-1510667906.jpg', 'false', NULL, 11, '2017-11-14 12:58:26', '2017-11-14 12:58:26'),
(655, 'https://fwk.e-receptif.com:447/cr.fwk/images/hotels/Hotel-1876-20160720-031440.jpg', 'product-11-1510667907.jpg', 'false', NULL, 11, '2017-11-14 12:58:27', '2017-11-14 12:58:27'),
(656, 'https://fwk.e-receptif.com:447/cr.fwk/images/hotels/Section-737-20120203-051758.jpg', 'product-0-1510667909.jpg', 'false', NULL, 3, '2017-11-14 12:58:29', '2017-11-14 12:58:29'),
(657, 'https://fwk.e-receptif.com:447/cr.fwk/images/hotels/Section-737-20120203-051819.jpg', 'product-1-1510667910.jpg', 'false', NULL, 3, '2017-11-14 12:58:30', '2017-11-14 12:58:30'),
(658, 'https://fwk.e-receptif.com:447/cr.fwk/images/hotels/Section-737-20120203-051835.jpg', 'product-2-1510667910.jpg', 'false', NULL, 3, '2017-11-14 12:58:30', '2017-11-14 12:58:30'),
(659, 'https://fwk.e-receptif.com:447/cr.fwk/images/hotels/Section-737-20120203-051859.jpg', 'product-3-1510667911.jpg', 'false', NULL, 3, '2017-11-14 12:58:31', '2017-11-14 12:58:31'),
(660, 'https://fwk.e-receptif.com:447/cr.fwk/images/hotels/Hotel-1034-20151211-104925.jpg', 'product-0-1510667913.jpg', 'false', NULL, 18, '2017-11-14 12:58:33', '2017-11-14 12:58:33'),
(661, 'https://fwk.e-receptif.com:447/cr.fwk/images/hotels/Hotel-1034-20151123-094139.JPG', 'product-1-1510667914.jpg', 'false', NULL, 18, '2017-11-14 12:58:34', '2017-11-14 12:58:34'),
(662, 'https://fwk.e-receptif.com:447/cr.fwk/images/hotels/Hotel-1034-20151211-104935.jpg', 'product-2-1510667914.jpg', 'false', NULL, 18, '2017-11-14 12:58:34', '2017-11-14 12:58:34'),
(663, 'https://fwk.e-receptif.com:447/cr.fwk/images/hotels/Hotel-1034-20151211-105420.jpg', 'product-3-1510667914.jpg', 'false', NULL, 18, '2017-11-14 12:58:34', '2017-11-14 12:58:34'),
(664, 'https://fwk.e-receptif.com:447/cr.fwk/images/hotels/Hotel-1034-20151123-094320.JPG', 'product-4-1510667915.jpg', 'false', NULL, 18, '2017-11-14 12:58:35', '2017-11-14 12:58:35'),
(665, 'https://fwk.e-receptif.com:447/cr.fwk/images/hotels/Hotel-1034-20151211-105505.jpg', 'product-5-1510667916.jpg', 'false', NULL, 18, '2017-11-14 12:58:36', '2017-11-14 12:58:36'),
(666, 'https://fwk.e-receptif.com:447/cr.fwk/images/hotels/Hotel-1034-20151123-094341.JPG', 'product-6-1510667916.jpg', 'false', NULL, 18, '2017-11-14 12:58:36', '2017-11-14 12:58:36'),
(667, 'https://fwk.e-receptif.com:447/cr.fwk/images/hotels/Hotel-1034-20151211-105622.jpg', 'product-7-1510667917.jpg', 'false', NULL, 18, '2017-11-14 12:58:37', '2017-11-14 12:58:37'),
(668, 'https://fwk.e-receptif.com:447/cr.fwk/images/hotels/Section-815-20120305-053627.jpg', 'product-0-1510667920.jpg', 'false', NULL, 23, '2017-11-14 12:58:40', '2017-11-14 12:58:40'),
(669, 'https://fwk.e-receptif.com:447/cr.fwk/images/hotels/Section-815-20120305-053639.jpg', 'product-1-1510667921.jpg', 'false', NULL, 23, '2017-11-14 12:58:41', '2017-11-14 12:58:41'),
(670, 'https://fwk.e-receptif.com:447/cr.fwk/images/hotels/Section-815-20120305-053650.jpg', 'product-2-1510667921.jpg', 'false', NULL, 23, '2017-11-14 12:58:41', '2017-11-14 12:58:41'),
(671, 'https://fwk.e-receptif.com:447/cr.fwk/images/hotels/Section-815-20120305-053701.jpg', 'product-3-1510667922.jpg', 'false', NULL, 23, '2017-11-14 12:58:42', '2017-11-14 12:58:42'),
(672, 'https://fwk.e-receptif.com:447/cr.fwk/images/hotels/Section-815-20120305-053716.jpg', 'product-4-1510667923.jpg', 'false', NULL, 23, '2017-11-14 12:58:43', '2017-11-14 12:58:43'),
(673, 'https://fwk.e-receptif.com:447/cr.fwk/images/hotels/Section-815-20120305-053728.jpg', 'product-5-1510667923.jpg', 'false', NULL, 23, '2017-11-14 12:58:43', '2017-11-14 12:58:43'),
(674, 'https://fwk.e-receptif.com:447/cr.fwk/images/hotels/Section-815-20120305-053742.jpg', 'product-6-1510667924.jpg', 'false', NULL, 23, '2017-11-14 12:58:44', '2017-11-14 12:58:44'),
(675, 'https://fwk.e-receptif.com:447/cr.fwk/images/hotels/Section-815-20120305-053753.jpg', 'product-7-1510667924.jpg', 'false', NULL, 23, '2017-11-14 12:58:44', '2017-11-14 12:58:44'),
(676, 'https://fwk.e-receptif.com:447/cr.fwk/images/hotels/Hotel-4244-20170303-090951.jpg', 'product-0-1510667926.jpg', 'false', NULL, 24, '2017-11-14 12:58:46', '2017-11-14 12:58:46'),
(677, 'https://fwk.e-receptif.com:447/cr.fwk/images/hotels/Hotel-4244-20170303-091024.jpg', 'product-1-1510667926.jpg', 'false', NULL, 24, '2017-11-14 12:58:46', '2017-11-14 12:58:46'),
(678, 'https://fwk.e-receptif.com:447/cr.fwk/images/hotels/Hotel-4244-20170303-091049.jpg', 'product-2-1510667927.jpg', 'false', NULL, 24, '2017-11-14 12:58:47', '2017-11-14 12:58:47'),
(679, 'https://fwk.e-receptif.com:447/cr.fwk/images/hotels/Hotel-4244-20170303-091058.jpg', 'product-3-1510667928.jpg', 'false', NULL, 24, '2017-11-14 12:58:48', '2017-11-14 12:58:48'),
(680, 'https://fwk.e-receptif.com:447/cr.fwk/images/hotels/Hotel-4244-20170303-091110.jpg', 'product-4-1510667928.jpg', 'false', NULL, 24, '2017-11-14 12:58:48', '2017-11-14 12:58:48'),
(681, 'https://fwk.e-receptif.com:447/cr.fwk/images/hotels/Hotel-4244-20170303-091125.jpg', 'product-5-1510667929.jpg', 'false', NULL, 24, '2017-11-14 12:58:49', '2017-11-14 12:58:49'),
(682, 'https://fwk.e-receptif.com:447/cr.fwk/images/hotels/Hotel-4244-20170303-091138.jpg', 'product-6-1510667930.jpg', 'false', NULL, 24, '2017-11-14 12:58:50', '2017-11-14 12:58:50'),
(683, 'https://fwk.e-receptif.com:447/cr.fwk/images/hotels/Hotel-4244-20170303-091152.jpg', 'product-7-1510667931.jpg', 'false', NULL, 24, '2017-11-14 12:58:51', '2017-11-14 12:58:51');

-- --------------------------------------------------------

--
-- Structure de la table `migrations`
--

CREATE TABLE `migrations` (
  `id` int(10) UNSIGNED NOT NULL,
  `migration` varchar(255) COLLATE utf8_unicode_ci NOT NULL,
  `batch` int(11) NOT NULL
) ENGINE=InnoDB DEFAULT CHARSET=utf8 COLLATE=utf8_unicode_ci;

--
-- Déchargement des données de la table `migrations`
--

INSERT INTO `migrations` (`id`, `migration`, `batch`) VALUES
(1, '2014_10_12_000000_create_users_table', 1),
(2, '2014_10_12_100000_create_password_resets_table', 1),
(3, '2017_10_27_124327_add_categories_table', 1),
(4, '2017_10_27_124344_add_destinations_table', 1),
(5, '2017_10_31_171006_create_hotels_table', 1),
(6, '2017_11_01_104924_create_images_table', 1);

-- --------------------------------------------------------

--
-- Structure de la table `password_resets`
--

CREATE TABLE `password_resets` (
  `email` varchar(255) COLLATE utf8_unicode_ci NOT NULL,
  `token` varchar(255) COLLATE utf8_unicode_ci NOT NULL,
  `created_at` timestamp NULL DEFAULT NULL
) ENGINE=InnoDB DEFAULT CHARSET=utf8 COLLATE=utf8_unicode_ci;

-- --------------------------------------------------------

--
-- Structure de la table `users`
--

CREATE TABLE `users` (
  `id` int(10) UNSIGNED NOT NULL,
  `name` varchar(255) COLLATE utf8_unicode_ci NOT NULL,
  `email` varchar(255) COLLATE utf8_unicode_ci NOT NULL,
  `password` varchar(255) COLLATE utf8_unicode_ci NOT NULL,
  `remember_token` varchar(100) COLLATE utf8_unicode_ci DEFAULT NULL,
  `created_at` timestamp NULL DEFAULT NULL,
  `updated_at` timestamp NULL DEFAULT NULL
) ENGINE=InnoDB DEFAULT CHARSET=utf8 COLLATE=utf8_unicode_ci;

--
-- Index pour les tables déchargées
--

--
-- Index pour la table `categories`
--
ALTER TABLE `categories`
  ADD PRIMARY KEY (`id`);

--
-- Index pour la table `destinations`
--
ALTER TABLE `destinations`
  ADD PRIMARY KEY (`id`),
  ADD KEY `destinations_category_id_foreign` (`category_id`);

--
-- Index pour la table `hotels`
--
ALTER TABLE `hotels`
  ADD PRIMARY KEY (`id`),
  ADD KEY `hotels_category_id_foreign` (`category_id`);

--
-- Index pour la table `images`
--
ALTER TABLE `images`
  ADD PRIMARY KEY (`id`),
  ADD KEY `images_destination_id_foreign` (`destination_id`),
  ADD KEY `images_hotel_id_foreign` (`hotel_id`);

--
-- Index pour la table `migrations`
--
ALTER TABLE `migrations`
  ADD PRIMARY KEY (`id`);

--
-- Index pour la table `password_resets`
--
ALTER TABLE `password_resets`
  ADD KEY `password_resets_email_index` (`email`),
  ADD KEY `password_resets_token_index` (`token`);

--
-- Index pour la table `users`
--
ALTER TABLE `users`
  ADD PRIMARY KEY (`id`),
  ADD UNIQUE KEY `users_email_unique` (`email`);

--
-- AUTO_INCREMENT pour les tables déchargées
--

--
-- AUTO_INCREMENT pour la table `categories`
--
ALTER TABLE `categories`
  MODIFY `id` int(10) UNSIGNED NOT NULL AUTO_INCREMENT, AUTO_INCREMENT=5;

--
-- AUTO_INCREMENT pour la table `destinations`
--
ALTER TABLE `destinations`
  MODIFY `id` int(10) UNSIGNED NOT NULL AUTO_INCREMENT, AUTO_INCREMENT=16;

--
-- AUTO_INCREMENT pour la table `hotels`
--
ALTER TABLE `hotels`
  MODIFY `id` int(10) UNSIGNED NOT NULL AUTO_INCREMENT, AUTO_INCREMENT=25;

--
-- AUTO_INCREMENT pour la table `images`
--
ALTER TABLE `images`
  MODIFY `id` int(10) UNSIGNED NOT NULL AUTO_INCREMENT, AUTO_INCREMENT=684;

--
-- AUTO_INCREMENT pour la table `migrations`
--
ALTER TABLE `migrations`
  MODIFY `id` int(10) UNSIGNED NOT NULL AUTO_INCREMENT, AUTO_INCREMENT=7;

--
-- AUTO_INCREMENT pour la table `users`
--
ALTER TABLE `users`
  MODIFY `id` int(10) UNSIGNED NOT NULL AUTO_INCREMENT;

--
-- Contraintes pour les tables déchargées
--

--
-- Contraintes pour la table `destinations`
--
ALTER TABLE `destinations`
  ADD CONSTRAINT `destinations_category_id_foreign` FOREIGN KEY (`category_id`) REFERENCES `categories` (`id`);

--
-- Contraintes pour la table `hotels`
--
ALTER TABLE `hotels`
  ADD CONSTRAINT `hotels_category_id_foreign` FOREIGN KEY (`category_id`) REFERENCES `categories` (`id`);

--
-- Contraintes pour la table `images`
--
ALTER TABLE `images`
  ADD CONSTRAINT `images_destination_id_foreign` FOREIGN KEY (`destination_id`) REFERENCES `destinations` (`id`),
  ADD CONSTRAINT `images_hotel_id_foreign` FOREIGN KEY (`hotel_id`) REFERENCES `hotels` (`id`);
COMMIT;

/*!40101 SET CHARACTER_SET_CLIENT=@OLD_CHARACTER_SET_CLIENT */;
/*!40101 SET CHARACTER_SET_RESULTS=@OLD_CHARACTER_SET_RESULTS */;
/*!40101 SET COLLATION_CONNECTION=@OLD_COLLATION_CONNECTION */;
